USE national;

START TRANSACTION;

--
-- Estructura de tabla para la tabla `campo`
--

CREATE TABLE `campo` (
  `nombre` varchar(255) NOT NULL,
  `ubicacion` varchar(255) DEFAULT NULL,
  `club_codigo` int NOT NULL
) ENGINE=InnoDB DEFAULT CHARSET=utf8mb4 COLLATE=utf8mb4_0900_ai_ci;

--
-- Volcado de datos para la tabla `campo`
--

INSERT INTO `campo` (`nombre`, `ubicacion`, `club_codigo`) VALUES
('A Lomba', 'VIlagarcia de Arousa', 12),
('A Ribela', 'Sarria', 14),
('Abanca Balaidos', 'Vigo', 7),
('Abanca Riazor', 'A Coruña', 3),
('Albert Gurt', 'Figueres', 65),
('Andres Torrejon', 'Mostoles', 47),
('Antonio Lorenzo Cuevas', 'Marbella', 104),
('Antonio Peroles', 'Roquetas de Mar', 117),
('Anxo Carro', 'Lugo', 13),
('As Mariñas', 'Sada', 2),
('Benito Villamarin', 'Sevilla', 80),
('Blas Infante', 'Ayamonte', 92),
('Butarque', 'Leganes', 43),
('Calabagueiros', 'O Barco', 20),
('Camp de futbol', 'La Pobla', 71),
('Camp Nou', 'Barcelona', 49),
('Campo d\'Esports', 'Lleida', 67),
('Campo de Fútbol CD Covadonga', 'Oviedo', 27),
('Campo de futbol de Gerena', 'Gerena', 82),
('Campo de futbol de Narcea', 'Cangas del Narcea', 36),
('Campo de futbol del Martinenc', 'Barcelona', 54),
('Campo de futbol del Rayo Majadahonda', 'Majadahonda', 39),
('Campo de Fútbol Pabellón CF', 'Ourense', 24),
('Campo de Lucena', 'Lucena', 101),
('Campo de Porcuna', 'Porcuna', 76),
('Campo de Pozoblanco', 'Pozoblanco', 99),
('Campo del Ronda', 'Ronda', 107),
('Campo del Velez', 'Velez', 106),
('Carlos Tartiere', 'Oviedo', 26),
('Chapin', 'Jerez de la Frontera', 88),
('Ciudad de Alacala', 'Alcala', 112),
('Ciudad de la Linea', 'Linea de la Concepcion', 87),
('Ciudad de Lepe', 'Lepe', 91),
('Civitas Metropolitano', 'Madrid', 37),
('Coliseum', 'Getafe', 44),
('Costa Daurada', 'Tarragona', 55),
('El Mauli', 'Antequera', 108),
('El Molinon - Enrique Castro Quini', 'Gijon', 25),
('El Pardo', 'Navia', 31),
('El Souton', 'Vegadeo', 33),
('El Val', 'Alcala de Henares', 42),
('Espiñedo', 'O Carballiño', 19),
('Fernando Torres', 'Fuenlabrada', 46),
('Francisco Muñoz Perez', 'Estepona', 105),
('Grela 1', 'A Coruña', 5),
('Grela 2', 'A Coruña', 6),
('Guadalquivir', 'Coria del Rio', 84),
('Hermanos Callejon', 'Motril', 110),
('Jimenez Guardeño', 'Cabra', 102),
('Joan Capdevila', 'Tarrega', 69),
('Jose Arjiz', 'Verin', 23),
('Juan Bosco', 'Utrera', 83),
('La Bazan', 'San Fernando', 89),
('La Corredoira', 'Posada de Llanes', 30),
('La encarnacion', 'Llanes', 28),
('La Floresta', 'Tarragona', 57),
('La Forestal', 'Rota', 90),
('La Roja', 'Cudillero', 32),
('La Rosaleda', 'Malaga', 103),
('Las Americas', 'Santa Fe', 113),
('Las rozas', 'Las rozas de Madrid', 41),
('Las Viñas', 'Vera', 119),
('Linarejos', 'Linares', 73),
('Lourambal', 'Porriño', 9),
('Luis Rodriguez Salvador', 'Cartaya', 96),
('Martinez Otero', 'Foz', 18),
('Matias Prats', 'Torredonjimeno', 78),
('Medina Lauxa', 'Loja', 111),
('Minas de Riotinto', 'Riotinto', 95),
('Montilivi', 'Girona', 61),
('Morrazo', 'Cangas', 10),
('Municipal d\'Amposta', 'Amposta', 60),
('Municipal de Badalona', 'Badalona', 62),
('Municipal de Baeza', 'Baeza', 75),
('Municipal de Balaguer', 'Balaguer', 68),
('Municipal de Baza', 'Baza', 114),
('Municipal de Cornella', 'Cornella de Llobregat', 52),
('Municipal de Lebrija', 'Lebrija', 81),
('Municipal de Meicende', 'Arteixo', 1),
('Municipal de Moguer', 'Moguer', 94),
('Municipal de Mollerussa', 'Molerussa', 70),
('Municipal de Peralada', 'Peralada', 63),
('Municipal de Puente Genil', 'Puente Genil', 1),
('Municipal de Rossello', 'Rossello', 72),
('Municipal de Torreperogil', 'Torreperogil', 74),
('Municipal de Villanueva', 'Villanueva', 98),
('Narcis Sala', 'Sant Andreu', 53),
('Nou Sardenya', 'Barcelona', 51),
('Nou Stadi Municipal', 'Olot', 64),
('Nuevo Colombino', 'Huelva', 93),
('Nuevo El Arcangel', 'Cordoba', 97),
('Nuevo Los Carmenes', 'Granada', 109),
('Nuevo Mirador', 'Algeciras', 86),
('Nuevo Mirandilla', 'Cadiz', 85),
('O Cemedo', 'Viveiro', 16),
('O Couto', 'Ourense', 22),
('Oreyana', 'Ribadesella', 29),
('Pasaron', 'Pontevedra', 8),
('Pedro Pastor', 'Macael', 118),
('Pepe Barrera', 'Ribadeo', 17),
('Ponte dos Brozos', 'Arteixo', 4),
('Power Horse', 'Almeria', 115),
('Roca', 'Villalba', 15),
('Roda de Bara', 'Roda de Bera', 59),
('San Miguel de Pulpi', 'Pulpi', 120),
('Sanchez Pizjuan', 'Sevilla', 79),
('Santa Catalina', 'Pravia', 34),
('Santa Mariña', 'Redondela', 11),
('Santiago Bernabeu', 'Madrid', 38),
('Santo Domingo', 'El Ejido', 116),
('Sebastián Garcia', 'Andujar', 77),
('Stage Front', 'Cornella de Llobregat', 50),
('Torreforta', 'Tarragona', 58),
('Valdelasfuentes', 'Alcobendas', 40),
('Vallecas', 'Vallecas', 48),
('Vilamalla', 'El Pon del Princep', 66),
('Vilar', 'Valls', 56),
('Yago Lamela', 'Aviles', 35);

-- --------------------------------------------------------

--
-- Estructura de tabla para la tabla `club`
--

CREATE TABLE `club` (
  `codigo` int NOT NULL,
  `nombre` varchar(255) DEFAULT NULL,
  `liga_codigo` int NOT NULL
) ENGINE=InnoDB DEFAULT CHARSET=utf8mb4 COLLATE=utf8mb4_0900_ai_ci;

--
-- Volcado de datos para la tabla `club`
--

INSERT INTO `club` (`codigo`, `nombre`, `liga_codigo`) VALUES
(1, 'Puente Genil FC', 17),
(2, 'Sada CF', 1),
(3, 'RC Deportivo', 1),
(4, 'At Arteixo', 1),
(5, 'Victoria CF', 1),
(6, 'Ural CF', 1),
(7, 'RC Celta', 2),
(8, 'Pontevedra CF', 2),
(9, 'Porriño Industrial CF', 2),
(10, 'Alondras CF', 2),
(11, 'CD Choco', 2),
(12, 'Arosa SC', 2),
(13, 'CD Lugo', 3),
(14, 'SD Sarriana', 3),
(15, 'RC Villalbes', 3),
(16, 'Viveiro CF', 3),
(17, 'Ribadeo FC', 3),
(18, 'CD Foz', 3),
(19, 'CD Arenteiro', 4),
(20, 'CD Barco', 4),
(21, 'UD Ourense', 4),
(22, 'CF Ourense', 4),
(23, 'Verín CF', 4),
(24, 'Pabellón CF', 4),
(25, 'SP Gijón', 5),
(26, 'Oviedo FC', 5),
(27, 'CD Covadonga', 5),
(28, 'CD Llanes', 5),
(29, 'Ribadesella CF', 5),
(30, 'Urraca CF', 5),
(31, 'Navia CF', 6),
(32, 'Marino de Cudillero', 6),
(33, 'Taramundi FC', 6),
(34, 'CD Praviano', 6),
(35, 'CD Quirinal', 6),
(36, 'SD Narcea', 6),
(37, 'At de Madrid', 7),
(38, 'Real Madrid', 7),
(39, 'Rayo Majadahonda', 7),
(40, 'Alcobendas CF', 7),
(41, 'Las Rozas CF', 7),
(42, 'RSD Alcalá', 7),
(43, 'CD Leganés', 8),
(44, 'Getafe CF', 8),
(45, 'AD Alcorcón', 8),
(46, 'Fuenlabrada CF', 8),
(47, 'Móstoles CF', 8),
(48, 'Rayo Vallecano', 8),
(49, 'Barcelona CF', 9),
(50, 'RCD Espanyol', 9),
(51, 'CE Europa', 9),
(52, 'UE Cornellá', 9),
(53, 'UE Sant Andreu', 9),
(54, 'FC Martinenc', 9),
(55, 'Gimnastic de Tarragona', 10),
(56, 'UE Valls', 10),
(57, 'CD La Cava', 10),
(58, 'CD Tortosa', 10),
(59, 'CA Roda', 10),
(60, 'CF Amposta', 10),
(61, 'Girona FC', 11),
(62, 'CF Badalona', 11),
(63, 'CF Peralada', 11),
(64, 'UE Olot', 11),
(65, 'UE Figueres', 11),
(66, 'CD Blanes', 11),
(67, 'CE Lleida', 12),
(68, 'CF Balaguer', 12),
(69, 'UE Tárrega', 12),
(70, 'CFJ Mollerussa', 12),
(71, 'CF Pobla', 12),
(72, 'Rosselló CF', 12),
(73, 'Linares Deportivo', 13),
(74, 'CD Torreperogil', 13),
(75, 'Baeza CF', 13),
(76, 'Atl de Porcuna', 13),
(77, 'CD Iliturgi', 13),
(78, 'UD Torredonjimeno', 13),
(79, 'Sevilla CF', 14),
(80, 'Real Betis', 14),
(81, 'UB Lebrijana', 14),
(82, 'CD Gerena', 14),
(83, 'CD Utrera', 14),
(84, 'Coria CF', 14),
(85, 'Cádiz CF', 15),
(86, 'Algeciras CF', 15),
(87, 'RB Linense', 15),
(88, 'Xerez CD', 15),
(89, 'San Fernando CD', 15),
(90, 'CD Rota', 15),
(91, 'CD San Roque', 16),
(92, 'Ayamonte CF', 16),
(93, 'Recreativo de Huelva', 16),
(94, 'CD Moguer', 16),
(95, 'Riotinto B', 16),
(96, 'AD Cartaya', 16),
(97, 'Córdoba CF', 17),
(98, 'CD Villanueva', 17),
(99, 'CD Pozoblanco', 17),
(101, 'CDC Lucena', 17),
(102, 'CD Egabrense', 17),
(103, 'Málaga CF', 18),
(104, 'Marbella FC', 18),
(105, 'Estepona CF', 18),
(106, 'Velez CF', 18),
(107, 'CD Ronda', 18),
(108, 'Antequera CF', 18),
(109, 'Granada CF', 19),
(110, 'CF Motril', 19),
(111, 'Loja CD', 19),
(112, 'UD Maracena', 19),
(113, 'CD Santa Fe', 19),
(114, 'CD Baza', 19),
(115, 'Almería CF', 20),
(116, 'CP EL Ejido', 20),
(117, 'CD Roquetas', 20),
(118, 'Mármol Macael CD', 20),
(119, 'CD Vera', 20),
(120, 'CA Pulpileño', 20);

-- --------------------------------------------------------

--
-- Estructura de tabla para la tabla `jugador`
--

CREATE TABLE `jugador` (
  `dni` varchar(255) NOT NULL,
  `nombre` varchar(255) DEFAULT NULL,
  `ubicacion` varchar(255) DEFAULT NULL,
  `club_codigo` int NOT NULL
) ENGINE=InnoDB DEFAULT CHARSET=utf8mb4 COLLATE=utf8mb4_0900_ai_ci;

--
-- Volcado de datos para la tabla `jugador`
--

INSERT INTO `jugador` (`dni`, `nombre`, `ubicacion`, `club_codigo`) VALUES
('00027170F', 'Ignacio Pussetto', 'Arrecifes', 115),
('00047659A', 'Tiago Fernandes', 'Paredes', 44),
('00084089R', 'Paul Lasne', 'Ajaccio', 43),
('00287262S', 'Giorgio Scalvini', 'Chiari', 104),
('00511956E', 'Luka Modrić', 'Zadar', 2),
('00513265C', 'André Almeida', 'Lisboa', 85),
('00633830L', 'Luca Marrone', 'Turín', 120),
('00634366A', 'Claude Gonçalves', 'Clichy-sous-Bois', 92),
('00699217V', 'Phil Foden', 'Stockport', 21),
('00795398N', 'Allan Saint-Maximin', 'Châtenay-Malabry', 27),
('00855944E', 'Pau Ferrer', 'Reus', 79),
('00877652H', 'Chidozie Awaziem', 'Enugu', 12),
('00887848W', 'Rúben Oliveira', 'Braga', 97),
('00949915S', 'Olivier Giroud', 'Chambéry', 102),
('00958747S', 'Issiaga Sylla', 'Conakry', 51),
('00975744S', 'Tomáš Souček', 'Havířov', 29),
('01251170Q', 'Bruno Guimarães', 'Rio de Janeiro', 46),
('01520406Z', 'Gaël Kakuta', 'Lille', 47),
('01759821E', 'Matheus Nunes', 'Belo Horizonte', 81),
('01780136M', 'Sekou Doumbia', 'Paris', 47),
('01811282D', 'Tanguy Ndombele', 'Longjumeau', 25),
('01899718X', 'Vanja Milinković-Savić', 'Belgrade', 109),
('02084118L', 'Aaron Ramsdale', 'Stoke-on-Trent', 40),
('02183302G', 'Joe Willock', 'Waltham Forest', 27),
('02247100T', 'Brandon Soppy', 'Guingamp', 50),
('02403698Z', 'Jefferson Lerma', 'Cerrito', 32),
('02440983Q', 'Tarantini', 'Rio de Janeiro', 91),
('02508780D', 'Gianluca Lapadula', 'Turin', 114),
('02563067Q', 'Bruno Santos', 'Amadora', 94),
('02615229Z', 'Jens Odgaard', 'Skanderborg', 111),
('02661074C', 'Marc Guehi', 'Ivory Coast', 30),
('02835739T', 'Hakan Çalhanoğlu', 'Mannheim', 101),
('02882809N', 'Nicolas Dominguez', 'Córdoba', 105),
('02933068Q', 'Florian Niederlechner', 'Munich', 71),
('02934302P', 'João Sousa', 'Amadora', 94),
('02970815C', 'Zé Duarte', 'Porto', 86),
('03159309Y', 'Andrea Consigli', 'Negrar', 119),
('03303558E', 'Romain Faivre', 'Saint-Brieuc', 43),
('03352879P', 'Philip Zinckernagel', 'Lyngby', 36),
('03384188Z', 'N\'Golo Kanté', 'Paris', 26),
('03392145J', 'Mason Mount', 'Portsmouth', 26),
('03502496X', 'Isi Palazón', 'Madrid', 16),
('03679945Z', 'Emanuel Vignato', 'Schio', 105),
('03739325P', 'Juan Foyth', 'La Plata', 20),
('03799583Y', 'Nikola Vlašić', 'Split', 29),
('03974947H', 'Jonathan Burkardt', 'Mainz', 73),
('04020248D', 'João Mário', 'Porto', 81),
('04118194K', 'Víctor Laguardia', 'Barcelona', 10),
('04244953G', 'Nicolò Fagioli', 'San Giovanni Valdarno', 117),
('04268180R', 'Sebastián Coates', 'Montevideo', 81),
('04332811W', 'Gaku Shibasaki', 'Neyagawa', 59),
('04380747Y', 'Iván Balliu', 'Barcelona', 18),
('04462294H', 'Tim Kleindienst', 'Dachau', 68),
('04580872P', 'Charles De Ketelaere', 'Brugge', 102),
('04648608D', 'Ghislain Konan', 'Abidjan', 120),
('04955928A', 'Andreas Christensen', 'Allerød', 26),
('04987601M', 'Willem Geubbels', 'Villeurbanne', 42),
('05010072M', 'Rafa Silva', 'Braga', 82),
('05014206E', 'Kevin Akpoguma', 'Neustadt an der Weinstraße', 67),
('05125172J', 'George Baldock', 'Sheffield', 40),
('05138129K', 'Alessio Cerci', 'Civitavecchia', 120),
('05188715F', 'Erling Haaland', 'Leeds', 65),
('05224859H', 'Ridle Baku', 'Mainz', 72),
('05243422C', 'Fabio Abreu', 'Aveiro', 86),
('05250473X', 'Paulinho', 'Barcelos', 81),
('05282869E', 'Robin Knoche', 'Wolfsburg', 75),
('05335781B', 'Pablo Maffeo', 'Sant Joan Despí', 8),
('05340759K', 'Mikel Oyarzabal', 'Eibar', 9),
('05399432K', 'Marcos Mauro', 'Mar del Plata', 17),
('05402565A', 'Nadiem Amiri', 'Ludwigshafen', 61),
('05413322L', 'Vladimír Coufal', 'Hlinsko', 29),
('05418611H', 'Miha Zajc', 'Ljubljana', 111),
('05561838R', 'Jonas Hector', 'Saarbrücken', 77),
('05585169X', 'Thorgan Hazard', 'La Louvière', 65),
('05608893K', 'Adrien Rabiot', 'Saint-Maurice', 103),
('05929646Q', 'Sasa Kalajdzic', 'Graz', 62),
('05937748E', 'Xavier Chavalerin', 'Reims', 49),
('06400456Q', 'Michael Olise', 'Hammersmith', 30),
('06424242C', 'Ashley Westwood', 'Nantwich', 39),
('06437645Z', 'Vítor Carvalho', 'Barcelos', 92),
('06585188N', 'Kevin Ruegg', 'St. Gallen', 113),
('06659203J', 'Rubén Vinagre', 'Guimarães', 88),
('06675379C', 'Nuno Sousa', 'Loulé', 90),
('06702482Y', 'Lukasz Fabianski', 'Kolno', 29),
('06734875S', 'Nicolas Otamendi', 'Buenos Aires', 82),
('06968395Q', 'Karol Linetty', 'Znin', 109),
('07067245N', 'Óscar Trejo', 'Villaguay', 16),
('07131484N', 'Elbasan Rashani', 'Gjilan', 58),
('07462791G', 'Gerard Gumbau', 'Barcelona', 8),
('07574695J', 'Dusan Vlahovic', 'Belgrade', 103),
('07700824X', 'Mert Müldür', 'Wien', 119),
('07727116J', 'Ivan Toney', 'Birmingham', 38),
('07760288L', 'Salih Özcan', 'Cologne', 77),
('07761465T', 'Sandro Tonali', 'Lodi', 102),
('07762945P', 'Kalidou Koulibaly', 'Saint-Dié-des-Vosges', 110),
('07842074V', 'Alex Baena', 'Vila-real', 20),
('07885757T', 'Djene Dakonam', 'Lomé', 12),
('07971955V', 'Lucas Fernandes', 'São Paulo', 96),
('07992724V', 'Victor Pálsson', 'Keflavík', 78),
('08124899B', 'Anthony Lopes', 'Givors', 46),
('08162205B', 'Tyler Adams', 'Wappingers Falls', 64),
('08271365J', 'Jesús Carrillo', 'Villanueva de la Serena', 60),
('08323613M', 'Florian Grillitsch', 'Neunkirchen', 61),
('08387959C', 'Koen Casteels', 'Bonheiden', 72),
('08401652M', 'Paco Alcácer', 'Torrent', 20),
('08505387X', 'Bobby Decordova-Reid', 'Bristol', 33),
('08508025A', 'Iván Martos', 'Sevilla', 16),
('08707518V', 'Mats Hummels', 'Bergisch Gladbach', 65),
('08772813S', 'Sofiane Diop', 'Vernon', 42),
('08810233Z', 'Marc Cucurella', 'Alella', 12),
('08967444C', 'José Oliveira', 'Bragança', 89),
('09164079M', 'Rafael Guimarães', 'Coimbra', 89),
('09170366J', 'Gabrielzinho', 'Niterói', 91),
('09218649L', 'Gonzalo Melero', 'Madrid', 8),
('09321417T', 'Romano Schmid', 'Bruck an der Mur', 69),
('09492681Y', 'Theodor Gebre Selassie', 'Příbram', 69),
('09549267N', 'Marten de Roon', 'Zwijndrecht', 104),
('09569699C', 'Diego Lopes', 'São Paulo', 91),
('09827217F', 'Leon Goretzka', 'Bochum', 63),
('09864292Y', 'Sandro Tonali', 'Lodi', 117),
('09958867M', 'Damien Da Silva', 'Mantes-la-Jolie', 50),
('10029740S', 'Juan Martínez', 'Córdoba', 80),
('10047305P', 'Justin Kluivert', 'Amsterdam', 64),
('10057324E', 'Vincenzo Grifo', 'Pforzheim', 70),
('10183456E', 'Sergio Canales', 'Santander', 5),
('10242218L', 'Kingsley Coman', 'Paris', 63),
('10354615S', 'António Xavier', 'Loures', 93),
('10420610T', 'Georginio Wijnaldum', 'Rotterdam', 41),
('10472248A', 'Amath Ndiaye', 'Dakar', 12),
('10539680E', 'Javi Martínez', 'Estella-Lizarra', 11),
('10544287Y', 'Aleksandr Golovin', 'Kaltan', 42),
('10616670P', 'Valère Germain', 'Marseille', 48),
('10827544H', 'Martí Anguera', 'Tarragona', 79),
('11168094F', 'Marco Sportiello', 'Desio', 118),
('11181907C', 'Iñigo Lekue', 'Bilbao', 7),
('11233435M', 'Harry Maguire', 'Sheffield', 28),
('11255029W', 'Sandro Lima', 'Guimarães', 97),
('11339035N', 'Sergi Canós', 'Nules', 38),
('11426657G', 'Quentin Boisgard', 'Cahors', 57),
('11512835R', 'Thomas Partey', 'Koforidua', 22),
('11547001N', 'Leandro Trossard', 'Waterschei', 31),
('11589010T', 'Matheus Cunha', 'João Pessoa', 78),
('11781022P', 'Marc-André ter Stegen', 'Mönchengladbach', 1),
('11968416K', 'Norman Theuerkauf', 'Gardelegen', 68),
('12013832N', 'David Alaba', 'Vienna', 2),
('12050486G', 'Sven Botman', 'Amsterdam', 44),
('12125086S', 'Andrew Robertson', 'Glasgow', 23),
('12372812P', 'Saidou Sow', 'Saint-Louis', 51),
('12389385K', 'Andrea Poli', 'Vittorio Veneto', 105),
('12406815V', 'Facundo Medina', 'Santa Fe', 47),
('12414579F', 'Ximo Navarro', 'Valencia', 10),
('12426624T', 'Valère Germain', 'Marseille', 52),
('12433513N', 'Luca Marrone', 'Turin', 113),
('12565537Q', 'Enes Ünal', 'Sivas', 12),
('12613667F', 'Iñaki Elejalde', 'San Sebastián', 15),
('12636703C', 'Darko Churlinov', 'Skopje', 77),
('12675736E', 'Sonny Bradley', 'Hull', 37),
('12735315P', 'Borja Sainz', 'Bilbao', 10),
('12767862X', 'Renan Lodi', 'Serrana', 3),
('12811973F', 'Hugo Viana', 'Lisboa', 84),
('12860502Y', 'Iván Alejo', 'Santander', 17),
('12962177K', 'Tomás Rincón', 'San Cristóbal', 109),
('13001111Q', 'Saul Ñíguez', 'Elche', 3),
('13077682C', 'Eric García', 'Barcelona', 1),
('13166229V', 'Dion Lopy', 'Montfermeil', 49),
('13167712M', 'Thomas Delaine', 'Metz', 56),
('13186807X', 'Lorenzo Pellegrini', 'Roma', 106),
('13359408L', 'Manu Trigueros', 'Talavera de la Reina', 20),
('13425795M', 'Jorge Fernández', 'Valencia', 60),
('13433862E', 'Andoni Zubiaurre', 'Erandio', 11),
('13499886J', 'Mërgim Vojvoda', 'Vushtrri', 109),
('13537820C', 'Leonardo Bonucci', 'Viterbo', 103),
('13566151S', 'Cristhian Stuani', 'Tala', 8),
('13602276F', 'Francesco Acerbi', 'Vizzolo Predabissi', 107),
('13684176G', 'João Afonso', 'Lisboa', 92),
('13937732P', 'Daniel Didavi', 'Nürtingen', 62),
('14107525S', 'Bruno Oliveira', 'Albufeira', 90),
('14121102E', 'Facundo Ferreyra', 'Lomas de Zamora', 13),
('14228582T', 'Borja García', 'Barcelona', 8),
('14410497P', 'Max Kilman', 'Chelmsford', 34),
('14728319Q', 'Fabien Lemoine', 'Saint-Étienne', 57),
('14729534N', 'Rubén Miño', 'Lleida', 10),
('14819749K', 'Mike Maignan', 'Cayenne', 102),
('14864338J', 'Daniel Podence', 'Oeiras', 34),
('14931495X', 'Jordi Osei-Tutu', 'London', 76),
('15093104K', 'Tiago Ferreira', 'Braga', 89),
('15330652W', 'Amine Gouiri', 'Bourgoin-Jallieu', 45),
('15396851F', 'Pablo Fornals', 'Castellón de la Plana', 29),
('15453790K', 'Theo Hernández', 'Marseille', 102),
('15559667Y', 'Kévin N\'Doram', 'Meudon', 56),
('15582215Z', 'Federico Dimarco', 'Milán', 101),
('15649545T', 'Olivier Ntcham', 'Longjumeau', 48),
('15734908X', 'Cristian Romero', 'Córdoba', 25),
('15776859D', 'Lucas Silva', 'Rio de Janeiro', 93),
('15782610X', 'Jonathan David', 'Brooklyn', 44),
('15819589M', 'Paul Le Guen', 'Quimper', 76),
('15920746P', 'David García', 'Las Palmas de Gran Canaria', 15),
('15982632R', 'Joël Veltman', 'IJmuiden', 31),
('16122375L', 'Carlos Fortes', 'Chaves', 98),
('16237660M', 'Luís Filipe', 'Lisboa', 86),
('16325286R', 'Borja Galán', 'Madrid', 59),
('16433443N', 'Jovane Cabral', 'Praia', 81),
('16444742H', 'Thiago Silva', 'Rio de Janeiro', 26),
('16502820K', 'Jean-Louis Leca', 'Bastia', 47),
('16597364N', 'Allan', 'Rio de Janeiro', 35),
('16753545T', 'John Egan', 'Cork', 40),
('16800214W', 'Francisco Gómez', 'Córdoba', 80),
('16883972V', 'Federico Gatti', 'Rivoli', 103),
('16885072J', 'Seung-ho Paik', 'Gwangju', 78),
('17030742R', 'Soma Novothny', 'Budapest', 76),
('17150179E', 'John McGinn', 'Glasgow', 24),
('17553975F', 'Ismaël Bennacer', 'Arles', 102),
('17567450G', 'Justin Kluivert', 'Amsterdam', 45),
('17619059R', 'Aleksandar Mitrović', 'Smederevo', 33),
('17638417Q', 'Igor', 'Novo Hamburgo', 108),
('17646808N', 'Javier López', 'Córdoba', 80),
('17714395W', 'Florian Wirtz', 'Troisdorf', 61),
('17725169N', 'Andrea Belotti', 'Calcinate', 109),
('17760882Y', 'Matt Cash', 'Slough', 24),
('17876369X', 'João Moutinho', 'Portimão', 34),
('17911506A', 'Davide Biraschi', 'Rapallo', 111),
('17935094Q', 'Aleix Vidal', 'Valls', 4),
('17966669N', 'Miguel Fernández', 'Córdoba', 80),
('17987560L', 'Munas Dabbur', 'Nazareth', 67),
('17992288D', 'Aaron Ramsdale', 'Stoke-on-Trent', 22),
('17996182Q', 'Bryan Dabo', 'Marseille', 51),
('18112472H', 'Samuel Lino', 'Lisboa', 92),
('18176781L', 'Jonathan Clauss', 'Strasbourg', 47),
('18226431N', 'Lasse Schöne', 'Glostrup', 114),
('18326702A', 'Matthias Ginter', 'Freiburg', 74),
('18346861Z', 'Paul Delecroix', 'Metz', 56),
('18372708D', 'Marko Pjaca', 'Zagreb', 111),
('18474066Y', 'Matej Vydra', 'Czech Republic', 39),
('18624526T', 'Jonjoe Kenny', 'Liverpool', 35),
('18924424R', 'Ben Chilwell', 'Milton Keynes', 26),
('19064354E', 'Sasa Lukic', 'Novi Sad', 109),
('19069278R', 'David Silva', 'Arguineguín', 9),
('19078994B', 'Nicolò Barella', 'Cagliari', 101),
('19094252C', 'Jude Bellingham', 'Stourbridge', 65),
('19113617L', 'Sergio Reguilón', 'Madrid', 25),
('19144646K', 'Gonçalo Pereira', 'Amadora', 94),
('19158258V', 'Andrej Kramarić', 'Zagreb', 67),
('19200591F', 'Pablo Clavería', 'Madrid', 99),
('19240708N', 'Ricardo Vaz', 'Vila Nova de Gaia', 96),
('19246279V', 'Lorenzo Venuti', 'Florence', 108),
('19264830F', 'Rodrigo Becão', 'Belo Horizonte', 115),
('19316465F', 'Adrien Thomasson', 'Montbéliard', 53),
('19429283X', 'Luiz Felipe', 'São Paulo', 107),
('19439627G', 'Lorenzo Pellegrini', 'Roma', 117),
('19510772X', 'Rodri', 'Madrid', 21),
('19571712T', 'Mário Rui', 'Sines', 110),
('19725354W', 'Bono', 'Montreal', 4),
('19817683D', 'Francesco Caputo', 'Benevento', 117),
('19939893C', 'Ollie Watkins', 'Birmingham', 24),
('20066787T', 'Léo Jardim', 'Rio de Janeiro', 88),
('20074286R', 'Finn Dahmen', 'Bremen', 73),
('20086313E', 'Callum Wilson', 'Coventry', 27),
('20153840K', 'Kevin Sessa', 'Schwäbisch Gmünd', 68),
('20176349J', 'Sebastian Corchia', 'Noisy-le-Sec', 54),
('20176779Y', 'Musab Arslan', 'Bursa', 105),
('20182636K', 'Scott McKenna', 'Kirriemuir', 36),
('20346115Q', 'Raúl Albentosa', 'Sanlúcar de Barrameda', 59),
('20509626C', 'Javier Manquillo', 'Madrid', 27),
('20581172J', 'Jordan Ayew', 'Marseille', 30),
('20682450E', 'Arkadiusz Milik', 'Tychy', 48),
('20703060R', 'Nikola Milenković', 'Bajina Bašta', 108),
('20719149J', 'David Soria', 'Madrid', 12),
('20872493Q', 'Eddie Salcedo', 'Genoa', 113),
('20913961S', 'Jérémie Boga', 'Marseille', 119),
('20953231R', 'Ki-Jana Hoever', 'Amsterdam', 34),
('21154488P', 'Alisson Becker', 'Novo Hamburgo', 23),
('21169441B', 'Aderllan Santos', 'Salvador', 91),
('21228266W', 'Nicolò Zaniolo', 'Massa', 106),
('21275315Q', 'Chrislain Matsima', 'Paris', 42),
('21315090R', 'Jonathan Iglesias', 'Valence', 58),
('21335676W', 'Claudio Bravo', 'Buin', 5),
('21517828V', 'Ludovic Baal', 'Sainte-Marie', 43),
('21555641H', 'Fabian Holland', 'Mainz', 78),
('21603717R', 'Nathaniel Clyne', 'Stockwell', 30),
('21780092N', 'Marco Friedl', 'Innsbruck', 69),
('21899574D', 'Steve Mounié', 'Parakou', 43),
('21910039D', 'Rubén Macedo', 'Barcelos', 87),
('22005950X', 'Virgil van Dijk', 'Breda', 23),
('22093370F', 'Fábio China', 'Barcelos', 92),
('22133323D', 'Houssem Aouar', 'Lyon', 46),
('22144971L', 'Pedro Chirivella', 'Valencia', 54),
('22202851P', 'Tomás Cardoso', 'Cascais', 93),
('22237985K', 'Rúben Fernandes', 'Viseu', 92),
('22282268Y', 'Hamed Junior Traorè', 'Ani', 119),
('22352123X', 'Teun Koopmeiners', 'Castricum', 104),
('22402822V', 'Jodel Dossou', 'Cotonou', 58),
('22406821Z', 'Konstantin Kerschbaumer', 'Schwaz', 68),
('22520918P', 'Marc Bartra', 'Sant Jaume dels Domenys', 5),
('22534113R', 'Gonçalo Guedes', 'Bissau', 6),
('22546559G', 'Hannes Wolf', 'Graz', 74),
('22555876Y', 'Ademola Lookman', 'Wandsworth', 104),
('22575151F', 'Pedro Moreira', 'Vila Nova de Gaia', 93),
('22732730J', 'Cristian Ansaldi', 'Rosario', 118),
('22826042Z', 'Orestis Karnezis', 'Athens', 110),
('22826389Q', 'Adílio Varela', 'Arouca', 87),
('22945169R', 'Rodrigo Guimarães', 'Arouca', 87),
('22965806F', 'Keko Gontán', 'Oviedo', 59),
('22985258R', 'David Andújar', 'Valencia', 60),
('23032037K', 'Baba Traoré', 'Bamako', 55),
('23076644P', 'Evanilson', 'Jaboatão dos Guararapes', 83),
('23089455P', 'Imran Louza', 'Clichy', 54),
('23090509G', 'Nicolò Barella', 'Cagliari', 116),
('23209498Z', 'Alexis Claude-Maurice', 'Noisy-le-Grand', 45),
('23314689A', 'Joshua Kimmich', 'Rottweil', 63),
('23529014Z', 'Moussa Niakhaté', 'Paris', 73),
('23545056W', 'Léo Dubois', 'Pontoise', 46),
('23624669N', 'Álvaro Campos', 'Valencia', 60),
('23640493N', 'Konrad de la Fuente', 'Miami', 48),
('23651080L', 'Nuno Barbosa', 'Porto', 95),
('23685881K', 'Mikayil Faye', 'Dakar', 1),
('23781443H', 'Ederson', 'Osasco', 21),
('23798334G', 'David Cafimipon Gomis', 'Yopougon', 58),
('23802367N', 'Marc Oliver Kempf', 'Heidelberg', 62),
('23827912G', 'Diego Kochen', 'Miami', 1),
('23942985P', 'Karim Benzema', 'Lyon', 2),
('23977576F', 'Marco Reus', 'Dortmund', 65),
('24124728M', 'Pepe Mel', 'Madrid', 15),
('24234031N', 'Tony Mauricio', 'Pontoise', 47),
('24270236S', 'Emmanuel Dennis', 'Lagos', 77),
('24330998B', 'John Boye', 'Accra', 56),
('24335108G', 'Nuno Campos', 'Arouca', 87),
('24384547Q', 'Reece James', 'Redbridge', 26),
('24403772J', 'Marco Silva', 'Faro', 90),
('24467110D', 'Ernesto Gómez', 'Bilbao', 99),
('24595922K', 'Ronald Araújo', 'Rivera', 1),
('24721132L', 'Trevoh Chalobah', 'Freetown', 57),
('24800222N', 'Simone Verdi', 'Broni', 109),
('25041976J', 'Evan N\'Dicka', 'L\'Haÿ-les-Roses', 66),
('25229644R', 'Tolu Arokodare', 'Lagos', 77),
('25256404N', 'Danilo', 'Bicas', 103),
('25459527E', 'Leon Bailey', 'Epping', 24),
('25463230E', 'Maxence Lacroix', 'Paris', 72),
('25550930T', 'Pedro Amaral', 'Brasília', 91),
('25572687E', 'Patrick Mainka', 'Schorndorf', 68),
('25632143T', 'Pascal Groß', 'Mannheim', 31),
('25902584F', 'Kal Naismith', 'Glasgow', 37),
('25933726F', 'Thibaut Courtois', 'Bree', 2),
('25940601M', 'André Castro', 'Vila Nova de Gaia', 84),
('26135589E', 'Raphaël Varane', 'Lille', 28),
('26234715H', 'Reece Burke', 'Newham', 37),
('26309924V', 'Houboulang Mendes', 'Évreux', 57),
('26375796V', 'Alexander Isak', 'Solna', 9),
('26423598W', 'Ángel Di María', 'Rosario', 41),
('26581769W', 'Jeffrey Gouweleeuw', 'Heemskerk', 71),
('26635780D', 'Terence Kongolo', 'Fribourg', 33),
('26640575C', 'Henrikh Mkhitaryan', 'Ereván', 101),
('26803805L', 'Francesco Caputo', 'Benevento', 119),
('26849254C', 'Shane Duffy', 'Derry', 31),
('26876461H', 'Andreas Skov Olsen', 'Beder', 105),
('26928804J', 'Nathanaël Mbuku', 'Reims', 49),
('26947255H', 'Matey Gulyashki', 'Sofia', 113),
('27037449Y', 'Augusto Fernández', 'Pergamino', 17),
('27048084S', 'Beto', 'Braga', 96),
('27087186V', 'Adam Lallana', 'St Albans', 31),
('27091730F', 'Pedro Santos', 'Portimão', 90),
('27157469N', 'Adrian Stanilewicz', 'Wroclaw', 78),
('27211443M', 'Lloyd Kelly', 'Bristol', 32),
('27226995D', 'Carlos Mendes Gomes', 'Barcelona', 37),
('27272476L', 'Răzvan Marin', 'Bucharest', 116),
('27286504V', 'Fabian Ruiz', 'Los Palacios y Villafranca', 110),
('27367786V', 'Mihailo Ristić', 'Belgrade', 52),
('27371808Z', 'Antonio Adán', 'Madrid', 81),
('27469719Z', 'Alejandro Gómez', 'Buenos Aires', 118),
('27533483E', 'Cafú', 'Braga', 36),
('27546643A', 'Darwin Machís', 'Cumaná', 19),
('27557708M', 'Kevin Möhwald', 'Bielefeld', 69),
('27562386Z', 'Borna Sosa', 'Livno', 62),
('27744088Q', 'Fikayo Tomori', 'Calgary', 102),
('27757113T', 'Stefan Savić', 'Mojkovac', 3),
('27828007P', 'Nico González', 'Buenos Aires', 62),
('27836738E', 'Mattéo Guendouzi', 'Poissy', 48),
('27886242F', 'Pedro Marques', 'Lisboa', 92),
('28016838D', 'Douglas Luiz', 'Rio de Janeiro', 24),
('28060320K', 'Frank Onyeka', 'Owerri', 38),
('28096633V', 'Kevin Trapp', 'Merzig', 66),
('28168521F', 'Bernardo Silva', 'Lisbon', 21),
('28204947R', 'Zouhair Feddal', 'Toulouse', 81),
('28327540G', 'Orel Mangala', 'Kinshasa', 62),
('28331251N', 'Odsonne Édouard', 'Kourou', 30),
('28367564P', 'Anthony Modeste', 'Cannes', 77),
('28441328B', 'Charles Traoré', 'Sens', 54),
('28471808Q', 'Mario Pašalić', 'Mainz', 104),
('28498625S', 'Daniele Rugani', 'Lucca', 116),
('28558399N', 'Philipp Mwene', 'Vienna', 73),
('28588027Q', 'Lucas Mineiro', 'São Paulo', 92),
('28640745H', 'William Saliba', 'Bondy', 48),
('28653209Q', 'Nikola Kalinić', 'Solin', 120),
('28671792S', 'Lamine Koné', 'Paris', 53),
('28730655K', 'Daniel Caligiuri', 'Villingen-Schwenningen', 71),
('28805789Z', 'Asier Illarramendi', 'Mutriku', 9),
('28830728K', 'Pizzi', 'Bragança', 82),
('28870151E', 'Pedro Obiang', 'Alcalá de Henares', 119),
('28876357H', 'Marko Rog', 'Zagreb', 116),
('28941560Q', 'Hugo Magnetti', 'Brest', 43),
('29016777T', 'Gianluca Scamacca', 'Rome', 117),
('29100380K', 'Andrea Bertolacci', 'Rome', 118),
('29138736J', 'Koray Günter', 'Munich', 113),
('29185902Y', 'Evan Ndicka', 'L\'Haÿ-les-Roses', 66),
('29409056Z', 'Koke', 'Madrid', 3),
('29435979G', 'Francis Coquelin', 'Laval', 20),
('29444010P', 'Gerónimo Rulli', 'La Plata', 20),
('29467774J', 'Andy Delort', 'Sète', 52),
('29573811C', 'Răzvan Marin', 'Bucharest', 16),
('29617370V', 'Farid Boulaya', 'Colombes', 56),
('29648259V', 'Paul Nardi', 'Arles', 55),
('29658622F', 'Hugo Costa', 'Lisboa', 89),
('29698417N', 'Benjamin Bourigeaud', 'Calais', 50),
('29723297Y', 'Marco Matias', 'Braga', 97),
('29790538H', 'Rodrygo Goes', 'Osasco', 2),
('29852639L', 'Josh Brownhill', 'Warrington', 39),
('29879482K', 'Kelechi Nwakali', 'Owerri', 8),
('29923785A', 'Fran Villalba', 'Valencia', 18),
('29924264E', 'John Anthony Brooks', 'Berlin', 72),
('30024895M', 'Daniel Wass', 'Gladsaxe', 6),
('30053217Z', 'Wilson Manafá', 'Funchal', 83),
('30087594Y', 'Rafael Leão', 'Almada', 102),
('30205117E', 'Jonathan Bamba', 'Alfortville', 44),
('30218660H', 'Carlos Delgado', 'Madrid', 60),
('30438450C', 'Bruno Fernandes', 'Maia', 28),
('30524975L', 'Joselu', 'Stuttgart', 10),
('30552894Q', 'Jon Moncayola', 'Pamplona', 11),
('30899176X', 'Nolito', 'Sanlúcar de Barrameda', 13),
('30924808C', 'Ricardo Fernandes', 'Faro', 90),
('30933066K', 'Dani Rodríguez', 'Inca', 14),
('30949646H', 'Max Lowe', 'Derby', 36),
('31031711L', 'Sergio Marcos', 'Valladolid', 60),
('31077878W', 'Jasper Cillessen', 'Nijmegen', 6),
('31104183H', 'Pol Llonch', 'Barcelona', 99),
('31126005J', 'Jordan Ferri', 'Arles', 52),
('31198487E', 'Aymen Barkok', 'Frankfurt', 66),
('31209425N', 'Carles Aleñá', 'Mataró', 12),
('31223223X', 'Álvaro Vadillo', 'Ceuta', 19),
('31287159Y', 'Petar Škuletić', 'Belgrade', 52),
('31299021T', 'Augusto Solari', 'Rosario', 13),
('31460601M', 'Brahim Díaz', 'Málaga', 102),
('31606273H', 'Roberto Gagliardini', 'Bergamo', 45),
('31638759M', 'Cheikhou Kouyaté', 'Dakar', 30),
('31644615L', 'Ivan Provedel', 'Pisa', 117),
('31654373W', 'Rafael Furlan', 'São Paulo', 93),
('31668620N', 'André Vidigal', 'Lisboa', 93),
('31722737X', 'Jordi Alba', 'L\'Hospitalet de Llobregat', 1),
('31795190J', 'Ryan Sessegnon', 'Roehampton', 67),
('31884745Y', 'Mattia Destro', 'Ascoli Piceno', 112),
('31918184A', 'Aleix Febas', 'Palma de Mallorca', 14),
('31940629T', 'Cristian Borja', 'Bogotá', 84),
('31989885J', 'João Oliveira', 'Vizela', 97),
('32206071E', 'Abdoulaye Doucouré', 'Meulan-en-Yvelines', 35),
('32240497V', 'Rochinha', 'Funchal', 85),
('32279594Z', 'Thomas Monconduit', 'Roye', 57),
('32408393J', 'Jean-Paul Boëtius', 'Rotterdam', 73),
('32428267S', 'Thomas Meunier', 'Sainte-Ode', 65),
('32559840M', 'Michail Antonio', 'London', 29),
('32586090N', 'Lewis Dunk', 'Brighton', 31),
('32751497A', 'Mathieu Cafaro', 'Reims', 49),
('32756069K', 'Grégoire Defrel', 'Meudon', 75),
('32809645F', 'Danilo Soares', 'São Paulo', 76),
('32824610E', 'Jonjo Shelvey', 'Swansea', 27),
('32872676H', 'Yannick Gerhardt', 'Bocholt', 72),
('32889055K', 'Nicolás Gaitán', 'San Martín', 84),
('32970786X', 'Ricardo Costa', 'Vila Nova de Gaia', 95),
('33141061Q', 'Andrea Poli', 'Vittorio Veneto', 112),
('33372160B', 'Luka Romero', 'Durango', 14),
('33435818M', 'Kelvin Amian', 'Toulouse', 51),
('33493976L', 'Josh Sargent', 'O\'Fallon', 69),
('33538031Y', 'Christopher Trimmel', 'Braunau am Inn', 75),
('33589779G', 'Bebe', 'Agualva-Cacém', 16),
('33739268Q', 'Luis Milla', 'Las Palmas', 19),
('33812748B', 'Ibrahima Konaté', 'Paris', 64),
('33986056Z', 'Gabriel Martinelli', 'Guarulhos', 22),
('34003568T', 'Yann Sommer', 'Morges', 74),
('34057141Y', 'Aleix Garrido', 'Ripoll', 1),
('34057925P', 'Dylan Bronn', 'Ardres', 56),
('34236250Z', 'Ángel Alarcón', 'Castelldefels', 1),
('34291526K', 'Mariusz Stępiński', 'Lębork', 120),
('34414533R', 'Pau López', 'Girona', 106),
('34435403X', 'Vasilios Lampropoulos', 'Kozani', 76),
('34483095T', 'Federico Ricci', 'Rome', 112),
('34619025T', 'Adam Webster', 'York', 31),
('34634827R', 'Milot Rashica', 'Vučitrn', 69),
('34707449N', 'Enda Stevens', 'Dublin', 40),
('34929643A', 'Yves Bissouma', 'Yamoussoukro', 31),
('34978865M', 'Niclas Füllkrug', 'Hannover', 69),
('35045018X', 'Thomas Carrique', 'Bordeaux', 99),
('35127161C', 'Marc Casadó', 'Sant Pere de Vilamajor', 1),
('35196124Y', 'Alberto Moreno', 'Seville', 20),
('35196788A', 'Willem Geubbels', 'Lyon', 96),
('35519889T', 'Emil Krafth', 'Gävle', 27),
('35720988X', 'Xaver Schlager', 'Vienna', 72),
('35770278B', 'Jadon Sancho', 'London', 65),
('35786782R', 'Rúben Vinagre', 'Charneca de Caparica', 34),
('35822702H', 'Davide Zappacosta', 'Sora', 111),
('35823836W', 'Ludovic Ajorque', 'Sarreguemines', 53),
('35907364V', 'Dani Plomer', 'Barcelona', 18),
('36017593F', 'Jon Bautista', 'Eibar', 9),
('36037556Y', 'Alex Berenguer', 'Pamplona', 7),
('36458666D', 'Patrik Schick', 'Praga', 61),
('36511125M', 'Taiwo Awoniyi', 'Ibadan', 75),
('36638875J', 'Benoît Badiashile', 'Limoges', 42),
('36719704C', 'Ricardo Quaresma', 'Lisboa', 85),
('36743368V', 'Felipe Pires', 'Ribeirão Preto', 88),
('36902941Q', 'Breel Embolo', 'Yaoundé', 74),
('36911142Y', 'Memphis Depay', 'Moordrecht', 46),
('36912580H', 'Mohamed Simakan', 'Marseille', 53),
('37038176B', 'Jean-Philippe Mateta', 'Meaux', 30),
('37085566K', 'Paul Nardi', 'Saint-Dié-des-Vosges', 57),
('37125415B', 'Joaquín Pereyra', 'Montevideo', 93),
('37162678Z', 'Mario Suárez', 'Madrid', 16),
('37186919J', 'James Bree', 'Telford', 37),
('37216373G', 'Lucas Paquetá', 'Rio de Janeiro', 46),
('37325488F', 'Ivan Rakitić', 'Möhlin', 4),
('37451239V', 'Gabrielzinho', 'São Gonçalo', 91),
('37556419H', 'Zé Valente', 'Braga', 87),
('37642505S', 'Andrés Cubas', 'Santa Fe', 120),
('37647535P', 'Yeray Álvarez', 'Barakaldo', 7),
('37687567C', 'Éder Militão', 'Sertãozinho', 2),
('37691656S', 'Kevin Behrens', 'Offenburg', 68),
('37776178N', 'Michael Gregoritsch', 'Graz', 71),
('37806461G', 'Carlos Neva', 'Granada', 19),
('37913264H', 'Daichi Kamada', 'Nabari', 66),
('37963473H', 'Aurélien Tchouaméni', 'Rochefort', 42),
('37968400T', 'Lucas Pérez', 'A Coruña', 10),
('37970294P', 'Janvier', 'Paris', 85),
('38095589E', 'Dimitry Bertaud', 'Nîmes', 52),
('38174523C', 'Gregor Kobel', 'Zürich', 62),
('38262179T', 'Iago Aspas', 'Moaña', 13),
('38262572W', 'Sergio Herrera', 'Pamplona', 11),
('38304700V', 'Santi Mina', 'Vigo', 13),
('38346548M', 'Christophe Hérelle', 'Champigny-sur-Marne', 43),
('38461669B', 'Dayot Upamecano', 'Évreux', 63),
('38467622F', 'Abdoulaye Touré', 'Nantes', 54),
('38528146H', 'Mathieu Saunier', 'Saint-Martin-d\'Hères', 57),
('38551546G', 'Federico Mattiello', 'Romano di Lombardia', 114),
('38561278F', 'Marcus Ingvartsen', 'Brøndby', 75),
('38606899L', 'Peter Gulácsi', 'Budapest', 64),
('38629520P', 'Kai Havertz', 'Aachen', 26),
('38652736V', 'Lenny Pintor', 'Lyon', 55),
('38950320G', 'Ale Díez', 'Badajoz', 99),
('39142269H', 'Martin Ødegaard', 'Drammen', 22),
('39240394W', 'Youssef En-Nesyri', 'Fez', 4),
('39267144A', 'Merih Demiral', 'Karamürsel', 104),
('39284328Y', 'Derik Osede', 'Madrid', 59),
('39386433Z', 'Marcus Edwards', 'Hemel Hempstead', 85),
('39526274S', 'Ciro Immobile', 'Torre Annunziata', 107),
('39560686L', 'João Cancelo', 'Barreiro', 21),
('39598477K', 'Milan Škriniar', 'Žiar nad Hronom', 101),
('39647809H', 'Alessandro Micai', 'Roma', 120),
('39653416J', 'Nicolas Höfler', 'Freiburg', 70),
('39691729P', 'Fransérgio', 'São Gonçalo do Rio Abaixo', 84),
('39799339R', 'Ricardo Horta', 'Monte Gordo', 84),
('39877519G', 'Gabriele Zappa', 'Milan', 114),
('39936945K', 'Nahitan Nández', 'Paysandú', 116),
('39957398G', 'Radosav Petrović', 'Ub', 18),
('40234471L', 'Iñaki Williams', 'Bilbao', 7),
('40367449B', 'Sérgio Oliveira', 'Paços de Brandão', 83),
('40490713H', 'Unai Simón', 'Vitoria-Gasteiz', 7),
('40851550P', 'Marcus Rashford', 'Manchester', 28),
('40957270C', 'Laszlo Bénes', 'Bratislava', 71),
('40995171V', 'Charalampos Lykogiannis', 'Chania', 116),
('41199939Q', 'Jules Koundé', 'Paris', 4),
('41209410B', 'Marius Bülter', 'Halberstadt', 75),
('41272836A', 'Gabriel Nunes', 'Chaves', 98),
('41463314H', 'Brandon Thomas', 'Sant Carles de la Ràpita', 8),
('41620823T', 'Uche Agbo', 'Jos', 59),
('41697445D', 'Marko Grujić', 'Belgrado', 83),
('41819528P', 'Ander Barrenetxea', 'San Sebastián', 9),
('41974591M', 'Wout Faes', 'Brussels', 49),
('42046911J', 'Jan Vertonghen', 'Sint-Niklaas', 82),
('42074955C', 'David Tavares', 'Amadora', 86),
('42166884H', 'Achraf Hakimi', 'Madrid', 41),
('42216223E', 'Vitorino Hilton', 'São Paulo', 52),
('42238592N', 'Asmir Begović', 'Trebinje', 32),
('42292578V', 'Jordi Martínez', 'Tarragona', 79),
('42366637Q', 'Felix Agu', 'Hamburg', 69),
('42479077D', 'Adama Traoré', 'L\'Hospitalet de Llobregat', 34),
('42636942W', 'Tommaso Augello', 'Milan', 114),
('42683734N', 'David Santos', 'Portimão', 90),
('42726851G', 'Antonio Barreca', 'Torino', 118),
('42733242R', 'Saliba', 'Bondy', 48),
('42781061A', 'Antonio García', 'Sevilla', 80),
('42821311A', 'Kouadio Koné', 'Abidjan', 51),
('42827529B', 'Jack Stacey', 'Harrow', 32),
('42939778C', 'Eduardo Neto', 'Lisboa', 87),
('43015748K', 'Chris Mepham', 'Hammersmith', 32),
('43210492R', 'Davide Zappacosta', 'Sora', 104),
('43215599W', 'Matteo Politano', 'Rome', 118),
('43223527H', 'Nordi Mukiele', 'Montreuil', 64),
('43307522V', 'Matt Targett', 'Eastleigh', 24),
('43314206P', 'Jordan Pickford', 'Washington', 35),
('43384379P', 'Lewis Grabban', 'London', 36),
('43387641G', 'Kieran Tierney', 'Douglas', 22),
('43452497T', 'Randal Kolo Muani', 'Villepinte', 54),
('43491022T', 'Bruno Simões', 'Aveiro', 89),
('43564954X', 'Wissam Ben Yedder', 'Sarcelles', 42),
('43587941C', 'Léo Vieira', 'Lisboa', 91),
('43721307D', 'Oliver Baumann', 'Freiburg', 67),
('43759985R', 'Keko Vilariño', 'O Grove', 59),
('43799052Z', 'Lucas Silva', 'Rio de Janeiro', 84),
('43817470D', 'Mattia Caldara', 'Bergamo', 112),
('43969661D', 'Memphis Depay', 'Rotterdam', 1),
('44344303G', 'Sinaly Diomandé', 'Bondoukou', 55),
('44408496G', 'Mijat Gaćinović', 'Novi Pazar', 67),
('44516372X', 'Carlos Soler', 'Valencia', 6),
('44643211G', 'Yannik Keitel', 'Baden-Baden', 70),
('44649389H', 'Timo Horn', 'Cologne', 77),
('44732052L', 'Ante Budimir', 'Zenica', 11),
('44790953V', 'Serhat Çakmak', 'Cologne', 78),
('44868548X', 'Paul Pogba', 'Lagny-sur-Marne', 28),
('44923614Z', 'Serrão', 'Porto', 95),
('45026003F', 'Florian Neuhaus', 'Landsberg am Lech', 74),
('45037446L', 'Miguel Pereira', 'Porto', 89),
('45090932F', 'Dani García', 'Barakaldo', 7),
('45398715G', 'Antonio Leal', 'Madrid', 99),
('45444594K', 'Dries Mertens', 'Leuven', 110),
('45565560F', 'Uroš Račić', 'Kragujevac', 6),
('45783551G', 'Pedri González', 'Tegueste', 1),
('45934380E', 'Loïc Badé', 'Sens', 47),
('45966419E', 'Manuel Lazzari', 'San Benedetto del Tronto', 107),
('46023038S', 'Cedric Teuchert', 'Coburg', 75),
('46092873E', 'Kingsley Ehizibue', 'Cologne', 77),
('46367724T', 'Joaquín Ardaiz', 'Salto', 18),
('46458158K', 'Eneko Bóveda', 'Bilbao', 17),
('46557037T', 'Akim Zedadka', 'Clermont-Ferrand', 58),
('46882457Q', 'Zaidu Sanusi', 'Zaria', 96),
('46883017R', 'Mathias Olivera', 'Montevideo', 12),
('46923760B', 'Florian Grillitsch', 'Neunkirchen', 67),
('47034447E', 'André Almeida', 'Olhão', 90),
('47036119S', 'Melvin Bard', 'Vénissieux', 45),
('47102388K', 'Stefan Ilsanker', 'Hallein', 66),
('47211256F', 'João Pedro', 'Maceió', 116),
('47240213F', 'Marquinhos', 'São Paulo', 41),
('47367122W', 'Nicolás González', 'Belén de Escobar', 108),
('47371995E', 'Wilfried Zaha', 'Abidjan', 30),
('47444106M', 'Charlie Taylor', 'York', 39),
('47501349R', 'João Palhinha', 'Lisboa', 84),
('47560786Y', 'Yunis Abdelhamid', 'Vénissieux', 49),
('47565942X', 'Leandro Paredes', 'San Justo', 41),
('47570051W', 'Vicente Guaita', 'Valencia', 30),
('47627985E', 'Jens Jønsson', 'Esbjerg', 17),
('47752375M', 'Maximilian Arnold', 'Riesa', 72),
('47813587Z', 'Riyad Mahrez', 'Sarcelles', 21),
('47826383E', 'Ricardo Silva', 'Guimarães', 91),
('47862890M', 'Ivan Ilić', 'Belgrade', 113),
('47882897W', 'Antonio Puertas', 'Granada', 19),
('47975509Q', 'Luka Jović', 'Bijeljina', 66),
('48077122S', 'Bruno Duarte', 'Rio de Janeiro', 85),
('48115670S', 'Giovanni Simeone', 'Madrid', 113),
('48246919A', 'Adrián Embarba', 'Madrid', 18),
('48259392X', 'Amath Ndiaye', 'Dakar', 14),
('48270027L', 'Diadie Samassékou', 'Bamako', 67),
('48352835G', 'Timothy Castagne', 'Arlon', 120),
('48384397X', 'José Gayà', 'Pedreguer', 6),
('48520568K', 'Gian Marco Ferrari', 'Parma', 118),
('48598660M', 'Patrick Herrmann', 'Saarbrücken', 78),
('48723531D', 'Lucas Hernández', 'Marseille', 63),
('48729637C', 'Bruno Loureiro', 'Arouca', 87),
('48786896D', 'Neymar Jr', 'Mogi das Cruzes', 41),
('48907445S', 'Víctor Ortega', 'Tarragona', 79),
('48941893D', 'Pedro González', 'Las Palmas de Gran Canaria', 15),
('49137724H', 'David Raya', 'Santander', 38),
('49261261E', 'Antonio Sanabria', 'San Lorenzo', 109),
('49337617H', 'Pape Gueye', 'Dakar', 55),
('49364039J', 'Ángel Correa', 'Rosario', 3),
('49373168B', 'Hugo Lloris', 'Nice', 25),
('49436919Y', 'Aritz Elustondo', 'Beasain', 9),
('49443884W', 'Matías Dituro', 'Montevideo', 13),
('49522003J', 'Rhys Healey', 'Newport', 51),
('49547520T', 'Mads Bech Sørensen', 'Helsingør', 38),
('49564411D', 'Raúl Jiménez', 'Tepeji del Río', 34),
('49689181G', 'Ángel Jiménez', 'Málaga', 19),
('49804272A', 'Ousmane Dembélé', 'Vernon', 1),
('49823229P', 'Felix Platte', 'Darmstadt', 78),
('49941224J', 'Lionel Messi', 'Rosario', 41),
('49977193X', 'Lukas Nmecha', 'Hamburg', 72),
('50298752Y', 'Junior Stanislas', 'Kingsbury', 32),
('50461661Y', 'João Reis', 'Chaves', 98),
('50478520Y', 'Rafa Gálvez', 'Cartagena', 60),
('50678151C', 'João Filipe', 'Lisboa', 89),
('50703969D', 'Lukas Scherff', 'Bremen', 69),
('50842050K', 'Paulinho', 'Porto', 95),
('50896108Y', 'Mario Gaspar', 'Novelda', 20),
('51008154L', 'Manuel Locatelli', 'Lecco', 119),
('51092037K', 'Raphaël Guerreiro', 'Le Blanc-Mesnil', 65),
('51166654A', 'Samir Handanović', 'Ljubljana', 101),
('51219190F', 'Miguel Silva', 'Loulé', 90),
('51374815Z', 'Miguel Rodrigues', 'Lisboa', 94),
('51406638M', 'Gianluigi Donnarumma', 'Castellammare di Stabia', 41),
('51446921S', 'Matthew Lowton', 'Sheffield', 39),
('51539380Z', 'Lucas Ocampos', 'Quilmes', 4),
('51593201S', 'Salvatore Sirigu', 'Nuoro', 114),
('51671622Y', 'Son Heung-min', 'Chuncheon', 25),
('51768077E', 'Xavi Quintillà', 'Valencia', 15),
('51966782F', 'Eldor Shomurodov', 'Tashkent', 106),
('52006641F', 'Oliver Norwood', 'Burnley', 40),
('52102312K', 'Arturo Calabresi', 'Rome', 118),
('52143139T', 'José Giménez', 'Toledo', 3),
('52193985Q', 'David Pérez', 'Córdoba', 80),
('52215760X', 'Yuri Ribeiro', 'Vila Franca de Xira', 85),
('52275068R', 'Paul Pogba', 'Lagny-sur-Marne', 103),
('52281128N', 'Rico Henry', 'Birmingham', 38),
('52314406D', 'Ángel Jiménez', 'Granada', 99),
('52349518T', 'Vincent Le Goff', 'Rennes', 57),
('52869111T', 'João Alves', 'Arouca', 87),
('52874511H', 'Gonçalo Franco', 'Paredes', 86),
('52919320T', 'Nikola Milenković', 'Bajina Bašta', 117),
('52973477S', 'Conor Coady', 'St. Helens', 34),
('52987847X', 'John Fleck', 'Glasgow', 40),
('52991377K', 'Yohann Magnin', 'Pontarlier', 58),
('53004734S', 'Reginaldo', 'São Paulo', 95),
('53120066W', 'Nehuén Pérez', 'Tucumán', 19),
('53302205G', 'Matheus', 'Belo Horizonte', 85),
('53353428Y', 'João Palhinha', 'Lisboa', 81),
('53558612F', 'Michael Hector', 'East Ham', 33),
('53756592A', 'Lucas Veríssimo', 'Taubaté', 82),
('53787184M', 'André Moreira', 'Porto', 95),
('53881524E', 'Christopher Nkunku', 'Lagny-sur-Marne', 64),
('53901744W', 'Fabio Lucioni', 'Milan', 114),
('53913758X', 'Luke Freeman', 'Hammersmith', 36),
('53918455S', 'Scott McTominay', 'Lancaster', 28),
('53999589M', 'Emil Forsberg', 'Sundsvall', 64),
('54069532M', 'Ludwig Augustinsson', 'Stockholm', 69),
('54102577E', 'Luis Rioja', 'Madrid', 10),
('54169645E', 'Nehuén Pérez', 'La Plata', 115),
('54230279M', 'Fabian Schär', 'Wil', 27),
('54266732A', 'Ivan Cavaleiro', 'Vila Franca de Xira', 33),
('54266840L', 'Luizão', 'Rio de Janeiro', 95),
('54306451R', 'Emi Buendía', 'Mar del Plata', 24),
('54344769R', 'Tiago Mesquita', 'Porto', 95),
('54394790C', 'Dejan Kulusevski', 'Stockholm', 25),
('54403421A', 'Mason Greenwood', 'Bradford', 28),
('54601876Z', 'Tobias Eisfeld', 'Gelsenkirchen', 76),
('54639467T', 'Aaron Cresswell', 'Liverpool', 29),
('54725033Y', 'Jaume Doménech', 'Almenara', 6),
('54794113V', 'Manuel Lazzari', 'San Severino Marche', 114),
('54831030L', 'Paulo', 'São Gonçalo', 91),
('55223405Z', 'Gaëtan Bong', 'Sakbayeme', 36),
('55261054N', 'Mehdi Taremi', 'Gorgan', 83),
('55330942A', 'Yerry Mina', 'Guachené', 35),
('55349711G', 'Anthony Caci', 'Strasbourg', 53),
('55410675H', 'Ricardo Nunes', 'Vizela', 97),
('55475600Z', 'Fran Villalba', 'Valencia', 18),
('55565438Z', 'Kader Bamba', 'Bondy', 54),
('55591397Y', 'Baptiste Reynet', 'Meulan-en-Yvelines', 51),
('55633704Q', 'Sadio Mané', 'Sedhiou', 23),
('55835904T', 'Simon Zoller', 'Saarbrücken', 76),
('55902780S', 'Aymeric Laporte', 'Agen', 21),
('55926253M', 'Mohamed Salah', 'Nagrig', 23),
('55960643X', 'Steven Nzonzi', 'La Garenne-Colombes', 50),
('55974347Y', 'Gleison Bremer', 'Campos Altos', 109),
('56043820L', 'Conor Gallagher', 'Epsom', 30),
('56190105R', 'Billy Sharp', 'Sheffield', 40),
('56270665S', 'Álex Bergantiños', 'Coruña', 59),
('56290811J', 'Robert Lewandowski', 'Warsaw', 63),
('56393673L', 'Darwin Núñez', 'Artigas', 82),
('56507832Y', 'Luis Alberto', 'San José del Valle', 107),
('56719738J', 'Andrea Belotti', 'Calcinate', 117),
('56759812K', 'Jean Lucas', 'Rio de Janeiro', 43),
('56820860G', 'Guillermo Maripán', 'Santiago', 42),
('56832270Y', 'Malcom', 'São Paulo', 46),
('56841143R', 'Lorenzo Insigne', 'Naples', 110),
('56923879Y', 'Sergej Milinković-Savić', 'Titovo Užice', 107),
('57007474L', 'Ruben Aguilar', 'Grenoble', 42),
('57011564S', 'Andy Delort', 'Sète', 45),
('57092405B', 'Mario Hermoso', 'Madrid', 3),
('57246928C', 'Vasco Regis', 'Milan', 105),
('57276049T', 'Ricardo Almeida', 'Amadora', 94),
('57299347E', 'Pau Prim', 'Sant Cugat', 1),
('57483860Y', 'Christian Günter', 'Villingen-Schwenningen', 70),
('57636159E', 'Andrea Adorante', 'Palmi', 120),
('57672988M', 'Max Kruse', 'Reinbek', 75),
('57877461P', 'Giovanni Di Lorenzo', 'Napoli', 117),
('57939683S', 'Danny Hylton', 'Enfield', 37),
('58005829J', 'Mohamed Bayo', 'Saint-Louis', 58),
('58032524M', 'Andrés Prieto', 'Barcelona', 99),
('58111332S', 'Kang-In Lee', 'Incheon', 14),
('58121697F', 'Erik Pieters', 'Tilburg', 39),
('58147900J', 'Rolando Mandragora', 'Napoli', 117),
('58162654R', 'Andreas Luthe', 'Essen', 75),
('58206092S', 'Manuel Gomes', 'Lisboa', 94),
('58422480L', 'Alassane Plea', 'Lille', 74),
('58445548H', 'Alex Moreno', 'Barcelona', 5),
('58462640K', 'Philip Billing', 'Copenhagen', 32),
('58504630J', 'Giovanni Simeone', 'Madrid', 116),
('58559032C', 'Robert Sánchez', 'Cartagena', 31),
('58572210L', 'Sebastian Rudy', 'Villingen-Schwenningen', 67),
('58592868T', 'Karim Onisiwo', 'Wien', 73),
('58615780G', 'Aleksandar Dragović', 'Viena', 61),
('58718101K', 'Adrien Tamèze', 'Martigues', 113),
('58727568N', 'Grimaldo', 'Valencia', 82),
('58732253M', 'Andrea Conti', 'Lecco', 112),
('58794366H', 'Jordi Mboula', 'Barcelona', 88),
('58830029P', 'Woo-yeong Jeong', 'Incheon', 70),
('58894909M', 'Hilton', 'Brasília', 52),
('58904231N', 'Jorge Molina', 'Alcoy', 19),
('58921909A', 'Rúben Gonçalves', 'Porto', 87),
('58990518A', 'Álvaro Piqué', 'Lleida', 79),
('59281576L', 'Dominic Solanke', 'Reading', 32),
('59483393B', 'Faitout Maouassa', 'Villepinte', 50),
('59524741M', 'Niklas Süle', 'Frankfurt', 63),
('59546195T', 'Miguel Almirón', 'Asunción', 27),
('59578888X', 'Adrià Vilanova', 'Tarragona', 79),
('59638103T', 'Gabriele Corbo', 'Foligno', 105),
('59710821S', 'Marlon', 'Duque de Caxias', 119),
('59743004K', 'Timo Werner', 'Stuttgart', 26),
('59754875R', 'David Otto', 'Karlsruhe', 68),
('60070275W', 'Hugo Basto', 'Porto', 87),
('60170130Z', 'Ruben Vargas', 'Munich', 71),
('60554140Q', 'Marcos Gallego', 'Vilafranca del Penedès', 79),
('60576538N', 'Hicham Boudaoui', 'Bejaïa', 45),
('60638194M', 'Mads Pedersen', 'Viborg', 71),
('60720679N', 'Tom Cairney', 'Nottingham', 33),
('60723166S', 'Ben Osborn', 'Derby', 40),
('60771768H', 'Philipp Förster', 'Ludwigsburg', 62),
('60805091Z', 'Marco Davide Faraoni', 'Lodi', 113),
('60883447D', 'Thomas Lemar', 'Baie-Mahault', 3),
('60903810V', 'Stijn Spierings', 'Maassluis', 51),
('61127535K', 'Gianluca Mancini', 'Pontedera', 106),
('61218542V', 'Carlos Castro', 'Oviedo', 15),
('61223548D', 'Manuel Gulde', 'Heidelberg', 70),
('61485738E', 'Lucas Höler', 'Biberach an der Riß', 70),
('61636494J', 'Manolo Reina', 'Manacor', 14),
('61753681S', 'Serge Gnabry', 'Stuttgart', 63),
('61784731S', 'Jesús López', 'Huesca', 60),
('61787296G', 'Gleison Bremer', 'Itapitanga', 103),
('61896007V', 'Danny da Costa', 'Lörrach', 73),
('61909002V', 'Abdoulaye Keita', 'Bobo-Dioulasso', 55),
('61961650H', 'Marko Rog', 'Zagreb', 111),
('62049022J', 'Timo Boss', 'Darmstadt', 78),
('62057749T', 'Arnaud Kalimuendo', 'Viry-Châtillon', 47),
('62132809B', 'Pepe', 'Maceió', 83),
('62138950B', 'Henrique Gomes', 'Braga', 97),
('62181366S', 'Yussuf Poulsen', 'Copenhagen', 64),
('62203065W', 'Luka Bogdan', 'Zadar', 120),
('62323277Q', 'Karim Rekik', 'The Hague', 4),
('62745851B', 'Irvin Cardona', 'Grasse', 43),
('62888617Q', 'Gabriele Gori', 'Florence', 112),
('63035423J', 'Ignatius Ganago', 'Douala', 47),
('63137707Q', 'Kevin Gameiro', 'Senlis', 6),
('63165271A', 'Simon Sluga', 'Zagreb', 37),
('63178270F', 'Jerdy Schouten', 'Houten', 111),
('63354553H', 'Oliver Skipp', 'Welwyn Garden City', 25),
('63426726V', 'Sandro Tonali', 'Lodi', 118),
('63476934Q', 'Pedro Amaral', 'Barcelos', 91),
('63500052L', 'Víctor Ruíz', 'Vila-real', 18),
('63550881H', 'El Chadaille Bitshiabu', 'Melun', 55),
('63599220B', 'David McGoldrick', 'Nottingham', 40),
('63825865Z', 'Guga Rodrigues', 'Belo Horizonte', 88),
('63844554G', 'Mitchell Weiser', 'Troisdorf', 61),
('63889029C', 'Luke Shaw', 'Kingston upon Thames', 28),
('63901428E', 'Hugo Guillamón', 'Valencia', 6),
('64023753X', 'Alphonse Areola', 'Paris', 2),
('64112993X', 'Arthur Desmas', 'Aurillac', 58),
('64152177W', 'José Rodríguez', 'Córdoba', 80),
('64255079W', 'Manuel Akanji', 'Winterthur', 65),
('64346601F', 'Filip Mladenović', 'Priboj', 106),
('64486022W', 'Dominic Calvert-Lewin', 'Sheffield', 35),
('64564858V', 'Marvin Friedrich', 'Bamberg', 75),
('64570595G', 'Patrick William', 'Rio de Janeiro', 88),
('64624068W', 'Fran García', 'Madrid', 16),
('64649742P', 'André Silva', 'Bauhaus', 66),
('64865719S', 'Jean-Victor Makengo', 'Bondy', 115),
('64926587W', 'Michael Keane', 'Stockport', 35),
('65051343Y', 'Yeremi Pino', 'Guía de Isora', 20),
('65222698B', 'João Pedro', 'Belo Horizonte', 118),
('65243184G', 'Tiago Tomás', 'Almada', 81),
('65265090Z', 'Federico Valverde', 'Montevideo', 2),
('65307080Y', 'Óscar Ros', 'Reus', 79),
('65439850C', 'Jean-Ricner Bellegarde', 'Fort-de-France', 53),
('65447544D', 'Benjamin Pavard', 'Maubeuge', 63),
('65466761K', 'Cheikh Niasse', 'Bargny', 44),
('65490235N', 'Alessio Cragno', 'Cagliari', 116),
('65586366A', 'Lucas Leiva', 'Dourados', 107),
('65691808J', 'Sergiño Dest', 'Almere', 1),
('65856799W', 'Martín Pascual', 'Madrid', 16),
('66122993V', 'Diego Nunes', 'Rio de Janeiro', 92),
('66373717H', 'Raúl García', 'Pamplona', 7),
('66439915E', 'Ivan Alejo', 'Santander', 17),
('66520150X', 'Kevin Zohi', 'Strasbourg', 53),
('66594656L', 'Kevin Volland', 'Marktoberdorf', 42),
('66685455Z', 'Giovanni Di Lorenzo', 'Naples', 110),
('66810484S', 'Terem Moffi', 'Jos', 57),
('66822006Z', 'Thomas Strakosha', 'Athens', 107),
('66958851D', 'Gerard Gironès', 'Tarragona', 79),
('67312309A', 'Sander Berge', 'Bærum', 40),
('67327887X', 'Néstor Araujo', 'Guadalajara', 13),
('67327947R', 'Everton Cebolinha', 'Porto Alegre', 82),
('67442572V', 'Aitor Ruibal', 'Madrid', 16),
('67445489J', 'Nolan Mbemba', 'Toulouse', 55),
('67534765A', 'Stanley Nsoki', 'Poissy', 45),
('67663384Y', 'Carlos Gruezo', 'Esmeraldas', 71),
('67664207R', 'Tachi', 'Santa Cruz de Tenerife', 10),
('67862964S', 'Sofyan Amrabat', 'Huibregtsestraat', 120),
('68164477K', 'Haris Seferovic', 'Sursee', 82),
('68182627R', 'Diogo Pereira', 'Tavira', 90),
('68309202F', 'David Brooks', 'Warrington', 32),
('68313705W', 'André Gomes', 'Grijó', 35),
('68507566L', 'Gustavo Assunção', 'São Paulo', 88),
('68532246C', 'Isaac Lihadji', 'La Ciotat', 44),
('68537481B', 'Diogo Figueiras', 'Vila do Conde', 88),
('68693733R', 'Burak Yılmaz', 'Antalya', 44),
('68803898L', 'Gaetano Castrovilli', 'Naples', 108),
('68903908W', 'Diogo Ribeiro', 'Chaves', 98),
('69074253D', 'Kévin Rodrigues', 'Bayonne', 51),
('69130566H', 'Héctor Fort', 'Barcelona', 1),
('69177324V', 'Wout Weghorst', 'Borne', 72),
('69190487R', 'Gerard Martín', 'Manresa', 1),
('69209474J', 'Freddie Woodman', 'Newcastle upon Tyne', 27),
('69380832K', 'Iñigo Martínez', 'Ondarroa', 7),
('69527056B', 'Steven Vitória', 'Toronto', 86),
('69653799R', 'Teji Savanier', 'Aubagne', 52),
('69665266Z', 'Matz Sels', 'Lier', 53),
('69757608B', 'Jan Oblak', 'Škofja Loka', 3),
('69763726B', 'Gero Rulli', 'La Plata', 20),
('69914542Q', 'Jorginho', 'Imperia', 26),
('69916075P', 'Angelo Miliao', 'Braga', 96),
('69977976Q', 'Fran Villalba', 'Valencia', 17),
('70063872F', 'Diego Carlos', 'Duque de Caxias', 4),
('70168952T', 'Borja Granero', 'Madrid', 59),
('70263408H', 'Marlon', 'São Paulo', 95),
('70409029A', 'Niklas Tauer', 'Bad Dürkheim', 73),
('70441263Z', 'Tomás Pina', 'Villarreal', 10),
('70512544H', 'Boubacar Kamara', 'Marseille', 42),
('70690253Y', 'Shuichi Gonda', 'Tokyo', 96),
('70817205K', 'Nico Schlotterbeck', 'Pforzheim', 75),
('70906374L', 'Alejandro Pozo', 'Huévar del Aljarafe', 14),
('70909962L', 'José Corpas', 'San Fernando', 18),
('71120845S', 'Raúl Alarcón', 'Cáceres', 60),
('71217493V', 'Diego Rolán', 'Montevideo', 59),
('71332889E', 'Nicolas Pallois', 'Angers', 54),
('71336683K', 'Riccardo Sottil', 'Savigliano', 114),
('71538274V', 'Moha Moukhliss', 'Madrid', 1),
('71615741C', 'Bram Nuytinck', 'Heerlen', 115),
('71647401D', 'Bryan Mbeumo', 'Bondy', 38),
('71740644X', 'Cedric Hountondji', 'La Rochelle', 58),
('71765402C', 'Miguel Ángel Guerrero', 'Madrid', 16),
('71913672D', 'Declan Rice', 'Kingston upon Thames', 29),
('71927776Z', 'Rui Martins', 'Lisboa', 94),
('71962292F', 'Jamaal Lascelles', 'Derby', 27),
('72028508Y', 'Fabinho', 'Campinas', 23),
('72070305N', 'Ivan Nestorovski', 'Štip', 115),
('72111501S', 'Ellyes Skhiri', 'Lyon', 77),
('72122721B', 'Dani Giménez', 'Oviedo', 59),
('72130248V', 'Marcos Alonso', 'Madrid', 30),
('72379542Z', 'Manuel Locatelli', 'Lecco', 103),
('72397833C', 'Matteo Ruggeri', 'San Giovanni Bianco', 104),
('72549803Y', 'Fábio Pacheco', 'Paredes', 86),
('72633160B', 'Harrison Reed', 'Worthing', 33),
('72972376T', 'Glen Rea', 'Brighton', 37),
('72986498T', 'Emiliano Martínez', 'Mar del Plata', 24),
('73025498S', 'Vinícius Júnior', 'São Gonçalo', 2),
('73048141A', 'Tammy Abraham', 'London', 106),
('73127903R', 'Josep Cerdà', 'Mallorca', 99),
('73157905B', 'Musa Juwara', 'Banjul', 105),
('73175003C', 'Antonio Barreca', 'Turin', 112),
('73227533H', 'Fábio Vieira', 'Arouca', 83),
('73254686P', 'Jean-Clair Todibo', 'Cayenne', 51),
('73354722V', 'Flavien Tait', 'Saint-Lô', 50),
('73620048S', 'Gerrit Holtmann', 'Bocholt', 76),
('73741099V', 'Konstantinos Manolas', 'Naxos', 110),
('73797836J', 'Kike Barja', 'Pamplona', 11),
('73907726D', 'Sergi Guardiola', 'Manacor', 8),
('74022653M', 'Gianmarco Ferrari', 'Parma', 117),
('74045314B', 'Mark Flekken', 'Kerkrade', 70),
('74052394F', 'Fabio Carvalho', 'Lisbon', 33),
('74058566S', 'José Fonte', 'Penafiel', 44),
('74071321M', 'Emerson Royal', 'São Paulo', 22),
('74072591X', 'Jack Grealish', 'Birmingham', 21),
('74142687W', 'Renato Tapia', 'Lima', 13),
('74177137K', 'Marco Mancosu', 'Benevento', 114),
('74279630A', 'Jean-Philippe Gbamin', 'San Pédro', 35),
('74281328E', 'Gonçalo Sousa', 'Viana do Castelo', 89),
('74284373P', 'Armando Izzo', 'Naples', 109),
('74393006N', 'Joakim Mæhle', 'Østervrå', 104),
('74396966Q', 'David Vidal', 'Vila-seca', 79),
('74615013T', 'Marcelo Brozović', 'Zagreb', 101),
('74633295C', 'Walace', 'Salvador', 115),
('74726485Z', 'Felipe Anderson', 'Santa Maria', 107),
('74786547T', 'Gianluca Scamacca', 'Rome', 111),
('74889222A', 'Darko Lazović', 'Novi Sad', 113),
('74933803X', 'Álvaro García', 'Madrid', 16),
('74939097Z', 'Roberto Pereyra', 'San Miguel de Tucumán', 115),
('75105854K', 'Renato Sanches', 'Amadora', 44),
('75131008J', 'João Félix', 'Viseu', 3),
('75177586Q', 'Kenny Tete', 'Amsterdam', 33),
('75312079M', 'Diego Godín', 'Rosario', 116),
('75315322M', 'Pedro Lima', 'Chaves', 98),
('75580046E', 'Pedro Sánchez', 'Córdoba', 80),
('75784655T', 'Emerson Royal', 'São Paulo', 5),
('75787590Z', 'Mário Correia', 'Chaves', 98),
('75858273H', 'Luca Ceppitelli', 'Pescara', 116),
('76098065N', 'Nabil Fekir', 'Lyon', 5),
('76309759Z', 'Pedro Gonçalves', 'Guimarães', 81),
('76429080B', 'Kevin-Prince Boateng', 'Berlin', 112),
('76459726K', 'Maksimovic', 'Belgrade', 85),
('76490296R', 'Ruben Dias', 'Amadora', 21),
('76557375N', 'Mikel Merino', 'Pamplona', 9),
('76568316M', 'Emile Smith Rowe', 'Croydon', 22),
('76837607N', 'Rúben Neves', 'Santa Maria da Feira', 34),
('76901456J', 'Armel Bella-Kotchap', 'Douala', 76),
('76916011D', 'Erik Durm', 'Pirmasens', 66),
('77339216Z', 'Karl Darlow', 'Newport', 27),
('77383478R', 'Toni Martínez', 'Barcelona', 83),
('77411561R', 'Wataru Endo', 'Shizuoka', 62),
('77503475F', 'Federico Ravaglia', 'Forlì', 105),
('77505601V', 'Gianluigi Donnarumma', 'Castellammare di Stabia', 112),
('77652390C', 'Waldemar Anton', 'Hannover', 62),
('77704697W', 'Marco Verratti', 'Pescara', 41),
('77709617T', 'Pere Pons', 'Cambrils', 10),
('77924912S', 'Jean-Charles Castelletto', 'Nantes', 54),
('78028778J', 'Tiago Martins', 'Guimarães', 97),
('78093632F', 'Stefan de Vrij', 'Ouderkerk aan den IJssel', 101),
('78123912L', 'Dominik Kohr', 'Frankfurt', 73),
('78145166K', 'Presnel Kimpembe', 'Beaumont-sur-Oise', 41),
('78310946V', 'Ihlas Bebou', 'Dapaong', 67),
('78546843A', 'Edmond Tapsoba', 'Bobo-Dioulasso', 61),
('78608299A', 'Axel Witsel', 'Liège', 65),
('78626850Q', 'Thierry Correia', 'Lisboa', 6),
('78659046N', 'Harry Cornick', 'Bishop\'s Stortford', 37),
('78689731S', 'Pierre-Emile Højbjerg', 'Copenhagen', 25),
('78829986Q', 'João Oliveira', 'Barreiro', 93),
('78852029W', 'Riccardo Orsolini', 'Ascoli Piceno', 105),
('79089974N', 'Diogo Fernandes', 'Amadora', 94),
('79130963S', 'Fabien Centonze', 'Nantes', 56),
('79131616R', 'Ryan Yates', 'Worksop', 36),
('79175563H', 'Mason Greenwood', 'Bradford', 26),
('79218023C', 'Oscar Estupiñán', 'Cali', 85),
('79234940D', 'Chancel Mbemba', 'Kinshasa', 83),
('79306039S', 'Clément Michelin', 'Toulouse', 47),
('79355725K', 'Jérémy Le Douaron', 'Brest', 43),
('79392512P', 'Jonas Föhrenbach', 'Munderkingen', 68),
('79405716X', 'Nicolás Benedetti', 'Cali', 17),
('79480079Z', 'Jarrod Bowen', 'Hereford', 29),
('79493754G', 'André Soares', 'Vizela', 97),
('79574358Q', 'Vitaly Janelt', 'Düsseldorf', 38),
('79767407A', 'Alfred Gomis', 'Ziguinchor', 50),
('79933662Z', 'Oihan Sancet', 'Pamplona', 7),
('80011938K', 'Marcelo Meli', 'Rosario', 93),
('80033095H', 'Takefusa Kubo', 'Kawasaki', 14),
('80038914H', 'László Bénes', 'Bratislava', 74),
('80100119C', 'Diego Demme', 'Herford', 110),
('80157830R', 'Lukas Kübler', 'Freiburg', 70),
('80252483D', 'El Bilal Touré', 'Bamako', 49),
('80263464L', 'Bamba Dieng', 'Dakar', 48),
('80277568R', 'Anderson Oliveira', 'Belo Horizonte', 96),
('80345919L', 'Salva Sevilla', 'Mallorca', 14),
('80373826G', 'Jean-Charles Castelletto', 'Ermont', 43),
('80410085S', 'Lucas Olaza', 'Treinta y Tres', 13),
('80534381L', 'Sergi Domínguez', 'Barcelona', 1),
('80576396J', 'Óliver Torres', 'Navalmoral de la Mata', 4),
('80590789P', 'Maxi Gómez', 'Montevideo', 6),
('80594147P', 'Enzo Le Fée', 'Cesson-Sévigné', 57),
('80604807L', 'Jonathan Viera', 'Las Palmas de Gran Canaria', 15),
('80668538V', 'Bryan Gil', 'Barbate', 25),
('80671084X', 'Rafael Oliveira', 'Rio de Janeiro', 95),
('80674281X', 'Patrick Schmidt', 'Eisenstadt', 68),
('80806702C', 'Alban Lafont', 'Burkina Faso', 54),
('80926257K', 'Ansu Fati', 'Bissau', 1),
('80998403Q', 'Roland Sallai', 'Budapest', 70),
('81001364X', 'David Cubillas', 'Castellón de la Plana', 60),
('81109730T', 'Samuel Sáiz', 'Madrid', 8),
('81161764P', 'Abdón Prats', 'Manacor', 14);
INSERT INTO `jugador` (`dni`, `nombre`, `ubicacion`, `club_codigo`) VALUES
('81669396F', 'Jordan Henderson', 'Sunderland', 23),
('81734981L', 'Nuno Mendes', 'Sintra', 81),
('81828144D', 'Kaan Ayhan', 'Gelsenkirchen', 115),
('81964410T', 'Alessandro Bastoni', 'Casalmaggiore', 101),
('82042433F', 'Bukayo Saka', 'London', 22),
('82224761Z', 'Dani Olmo', 'Terrassa', 64),
('82281061X', 'Juanpe Ramírez', 'Barcelona', 8),
('82489534B', 'Cristian Zapata', 'Padilla', 118),
('82538121E', 'Salvatore Sirigu', 'Nuoro', 111),
('82587179K', 'Tiago Sá', 'Braga', 84),
('82651239A', 'Unai Hernández', 'Igualada', 1),
('82687208T', 'Giovanni Reyna', 'Dortmund', 65),
('82699674T', 'Frenkie de Jong', 'Arkel', 1),
('82737248S', 'Rafał Gikiewicz', 'Pszczyna', 71),
('82911451Q', 'Dwight McNeil', 'Rochdale', 39),
('82962116N', 'Jacob Ramsey', 'Birmingham', 24),
('83139523C', 'Kevin De Bruyne', 'Drongen', 21),
('83242315W', 'Bruno Costa', 'Vila Nova de Gaia', 96),
('83244007S', 'Martin Hinteregger', 'Zell am See', 66),
('83271369F', 'Rafael Augusto', 'Lisboa', 93),
('83288002B', 'Alfonso Pedraza', 'San Javier', 20),
('83337843B', 'Hatem Ben Arfa', 'Clamart', 55),
('83384927Z', 'Kristoffer Ajer', 'Rygge', 38),
('83396757E', 'Rui Costa', 'Faro', 90),
('83414751F', 'Lucas Fernandes', 'São Paulo', 96),
('83422523M', 'Ben Mee', 'Sale', 39),
('83426965P', 'Gaëtan Laborde', 'Mont-Saint-Aignan', 52),
('83463529W', 'André Santos', 'Setúbal', 89),
('83528707K', 'Duje Ćaleta-Car', 'Šibenik', 48),
('83688309A', 'Nélson Semedo', 'Lisbon', 34),
('83757294B', 'Vincent Pajot', 'Saint-Martin-d\'Hères', 56),
('83771959W', 'Diogo Costa', 'Vila Nova de Gaia', 83),
('83869852F', 'Islam Slimani', 'Algiers', 46),
('83942265Q', 'Anastasios Donis', 'Mannheim', 49),
('83947506J', 'Iñaki Pardo', 'Santander', 115),
('83958194Y', 'Rogerio', 'Sao Paulo', 119),
('84058801B', 'Guilherme Mantuan', 'São Paulo', 92),
('84096263Y', 'Fabio González', 'Tenerife', 15),
('84168133R', 'José Santos', 'Chaves', 98),
('84223792T', 'Lukáš Hrádecký', 'Bratislava', 61),
('84248169C', 'Martin Ødegaard', 'Drammen', 9),
('84329789J', 'Ricardo Gomes', 'Sintra', 93),
('84337766D', 'Dominique Heintz', 'Pech', 70),
('84529383J', 'Filip Kostić', 'Kragujevac', 66),
('84583915N', 'Rodrigo Silva', 'Funchal', 89),
('84635140Q', 'Marcus Thuram', 'Parma', 74),
('84657355J', 'Benno Schmitz', 'Frechen', 77),
('84672496C', 'Thiago Alcântara', 'San Pietro Vernotico', 23),
('84690058X', 'Stefan Mitrović', 'Kragujevac', 53),
('84730569H', 'Joakim Maehle', 'Herning', 107),
('84753315V', 'Joe Worrall', 'Warrington', 36),
('84769599V', 'Lennart Czyborra', 'Essen', 111),
('84771864M', 'Gilberto', 'Santa Rita do Sapucaí', 82),
('84960811F', 'Bruno Calvet', 'Tarragona', 79),
('85148937Q', 'Kerem Demirbay', 'Hagen', 61),
('85235603H', 'Ricardo Esgaio', 'Figueira da Foz', 84),
('85360598P', 'Boubacar Kamara', 'Marseille', 48),
('85462515N', 'Richarlison', 'Nova Venécia', 35),
('85603185Z', 'Francisco Trincão', 'Viana do Castelo', 34),
('85631875T', 'Modibo Sagnan', 'Saint-Denis', 9),
('85663288H', 'Tim Skarke', 'Darmstadt', 78),
('85768587T', 'James Igbekeme', 'Lagos', 99),
('85801977V', 'Federico Ceccherini', 'Carrara', 108),
('85811137T', 'Cristian Ansaldi', 'Rosario', 109),
('85829935F', 'Harry Kane', 'London', 25),
('85842221B', 'Filip Kostić', 'Kragujevac', 103),
('85843276P', 'Rick Karsdorp', 'Schoonhoven', 106),
('85877705Y', 'João Teixeira', 'Chaves', 98),
('85895537J', 'Bryan Cristante', 'San Vito al Tagliamento', 106),
('85950338M', 'Fran Beltrán', 'Vigo', 13),
('86221269L', 'Gonzalo Castro', 'Wuppertal', 62),
('86244378J', 'Jannik Müller', 'Nuremberg', 78),
('86367312N', 'Yoann Cardinale', 'Courcouronnes', 45),
('86415476Z', 'Rodrigo Battaglia', 'Santa Fé', 88),
('86536379Y', 'Ryan Tunnicliffe', 'Heywood', 37),
('86543661C', 'Ghislain Konan', 'Abidjan', 49),
('86587205W', 'Lautaro Martínez', 'Bahía Blanca', 101),
('86608982K', 'Nico Williams', 'Bilbao', 7),
('86633176L', 'Nick Pope', 'Sutton', 39),
('86696888K', 'Moses Simon', 'Jos', 54),
('86698700Q', 'Yoane Wissa', 'Évreux', 57),
('86715351S', 'Ricardo Nunes', 'Chaves', 98),
('86720861M', 'Juan Muñoz', 'Punta Umbría', 18),
('86806090L', 'Trent Alexander-Arnold', 'Liverpool', 23),
('86866705Y', 'Pedro Amador', 'Lisboa', 86),
('86871374Y', 'Aaron Wan-Bissaka', 'London', 28),
('86965861D', 'Bartłomiej Drągowski', 'Kwidzyn', 108),
('87039669X', 'Aïssa Mandi', 'Châtillon', 5),
('87064979C', 'Serhou Guirassy', 'Arles', 50),
('87211802B', 'Rubén García', 'Pamplona', 11),
('87252144B', 'Pedro Machado', 'Porto', 89),
('87253042N', 'Gian Marco Ferrari', 'Parma', 119),
('87401562K', 'Ondrej Duda', 'Snina', 77),
('87512140S', 'Borja Iglesias', 'Santiago de Compostela', 5),
('87610373S', 'Jairo Izquierdo', 'La Línea de la Concepción', 17),
('87806365R', 'Matteo Politano', 'Rome', 110),
('87877926D', 'Quentin Cornette', 'Paris', 55),
('87907716Z', 'Christian Kouamé', 'Abidjan', 108),
('88110906E', 'Federico Chiesa', 'Genoa', 103),
('88113302A', 'Oliver Hüsing', 'Neubrandenburg', 68),
('88234071E', 'Guido Rodríguez', 'Sáenz Peña', 5),
('88262381L', 'Roberto Firmino', 'Maceió', 23),
('88269791T', 'Simon Kjær', 'Horsens', 102),
('88271029L', 'Mauro Arambarri', 'Salto', 12),
('88284474D', 'Pape Sarr', 'M\'bour', 56),
('88326062J', 'Leandro Barreiro', 'Luxembourg City', 73),
('88359474Y', 'Darko Brasanac', 'Loznica', 11),
('88424890X', 'Jason Berthomier', 'Clermont-Ferrand', 58),
('88472879K', 'Kylian Mbappé', 'Bondy', 41),
('88681856C', 'Aaron Hickey', 'Glasgow', 105),
('88804781X', 'Carles Pérez', 'Granollers', 106),
('88811330G', 'Pedro Costa', 'Lisboa', 94),
('88993209E', 'Jim Allevinah', 'Montpellier', 58),
('89015266E', 'Tanguy Ndombele', 'Longjumeau', 46),
('89185532L', 'Hamari Traoré', 'Sainte-Foy-lès-Lyon', 50),
('89191835C', 'Maxime Gonalons', 'Vénissieux', 19),
('89194262D', 'Robert Skov', 'Copenhagen', 67),
('89313251L', 'Rhian Brewster', 'London', 40),
('89425839E', 'Jonathan Tah', 'Hamburg', 61),
('89468776H', 'Lucas Digne', 'Meaux', 35),
('89473182P', 'Álvaro González', 'Valencia', 60),
('89586983M', 'Hans Hateboer', 'Beerta', 104),
('89663810N', 'Diego Rico', 'Burgos', 32),
('89679872C', 'Joe Rodon', 'Swansea', 25),
('89702827K', 'Kossounou', 'Abidjan', 85),
('89778387A', 'Dusan Vlahovic', 'Belgrade', 108),
('89783800B', 'Facundo Roncaglia', 'Chajarí', 11),
('89847771L', 'Jean-Pascal Fontaine', 'Cayenne', 55),
('89971642N', 'Andrea Petagna', 'Ascoli Piceno', 110),
('90076885F', 'Lucas Rodrigues', 'Vila Nova de Gaia', 86),
('90176928T', 'Denis Zakaria', 'Geneva', 74),
('90184609E', 'João Rodrigues', 'Faro', 90),
('90360291F', 'Jordan Lotomba', 'Morges', 45),
('90395527F', 'Christian Pulisic', 'Hershey', 26),
('90401007J', 'Adrián López', 'Teverga', 11),
('90409018C', 'Tiago Djaló', 'Bissau', 44),
('90445787N', 'Marco Carnesecchi', 'Rimini', 104),
('90503928D', 'Marcelo', 'São Vicente', 46),
('90590076E', 'Kurt Zouma', 'Lyon', 29),
('90638473G', 'Renato Steffen', 'Zürich', 72),
('90699504Q', 'Brice Samba', 'Noisy-le-Grand', 36),
('90702049P', 'Álvaro Fernández', 'Logroño', 8),
('90834582S', 'Alexandre Penetra', 'Braga', 97),
('90872111P', 'Pontus Jansson', 'Arboga', 38),
('90936542Q', 'Mikel Vesga', 'Vitoria-Gasteiz', 7),
('91155750B', 'Manuel Neuer', 'Gelsenkirchen', 63),
('91290981W', 'Denzel Dumfries', 'Rotterdam', 101),
('91412428D', 'Moussa Diaby', 'Paris', 61),
('91478222T', 'Casemiro', 'São José dos Campos', 2),
('91758351N', 'Adam Marušić', 'Sarajevo', 107),
('91886298X', 'Fehd Chahiri', 'Reims', 49),
('91913268R', 'Álvaro Ruiz', 'Córdoba', 80),
('91921409T', 'Roger Ibañez', 'Cali', 106),
('91949445E', 'Irineu', 'Luanda', 92),
('92062157B', 'Mauricio Lemos', 'Montevideo', 15),
('92090841Z', 'José Macías', 'Guadalajara', 12),
('92108675T', 'Pablo Torre', 'Zaragoza', 18),
('92135955W', 'Hélder Almeida', 'Chaves', 98),
('92188423F', 'Felix Uduokhai', 'Anambra', 71),
('92248925L', 'Stefan Lainer', 'Adnet', 74),
('92319262E', 'Oier Sanjurjo', 'Pamplona', 11),
('92475954S', 'Gelson Dala', 'Luanda', 91),
('92547251N', 'Lilian Brassier', 'Lorient', 43),
('92579658N', 'Manuel Riemann', 'Duisburg', 76),
('92635445R', 'Yannick Carrasco', 'Ixelles', 3),
('92646192F', 'Raúl Dacosta', 'Barcelona', 99),
('92756942N', 'Mahame Siby', 'Paris', 53),
('92761907D', 'Nuno Mendes', 'Barcelos', 86),
('92847010N', 'Josuha Guilavogui', 'Vannes', 72),
('93151772R', 'Seko Fofana', 'Paris', 47),
('93220627V', 'Domingos Quina', 'Amadora', 19),
('93309631B', 'Riccardo Saponara', 'Florence', 108),
('93327024Q', 'Carlos Vinícius', 'Bom Jesus do Norte', 88),
('93335329H', 'Emanuele Hauge', 'Bodo', 112),
('93404711D', 'Neal Maupay', 'Versailles', 31),
('93475695S', 'Ibrahima Sissoko', 'Paris', 53),
('93485553Y', 'Said Benrahma', 'Aïn Témouchent', 29),
('93500800G', 'Portu', 'San Sebastián', 9),
('93527506F', 'Marco Silvestri', 'Città di Castello', 115),
('93677327Y', 'Ibrahima Niane', 'M\'bour', 56),
('93720594X', 'Rubén Duarte', 'Sabadell', 10),
('93790882X', 'Luis Díaz', 'Barranquilla', 83),
('93822311K', 'Pierre-Emerick Aubameyang', 'Laval', 22),
('93835733B', 'Andrea Cambiaso', 'Savona', 111),
('93850340J', 'Wojciech Szczęsny', 'Warsaw', 103),
('93974456K', 'Nauzet Pérez', 'Arrecife', 15),
('94036112Z', 'Lucas Possignolo', 'Blumenau', 96),
('94099474B', 'Jonathan Ikoné', 'Bondy', 44),
('94177909Q', 'Florent Mollet', 'Aubagne', 52),
('94275801C', 'Mathias Jensen', 'Lystrup', 38),
('94307441N', 'André Gomes', 'Chaves', 98),
('94348069E', 'Jean-Clair Todibo', 'Cayenne', 45),
('94440200S', 'Kiernan Dewsbury-Hall', 'Leicester', 37),
('94535860H', 'Luca Kilian', 'Paderborn', 73),
('94614416Y', 'Marco Asensio', 'Palma de Mallorca', 2),
('94837795D', 'André Oliveira', 'Lisboa', 94),
('95029340X', 'Alejandro Suárez', 'Las Palmas de Gran Canaria', 15),
('95045322F', 'Leroy Sané', 'Essen', 63),
('95133887E', 'Adel Taarabt', 'Fes', 82),
('95204396J', 'James Tarkowski', 'Manchester', 39),
('95234979Y', 'Ben White', 'Poole', 22),
('95235958L', 'Lucas Piazon', 'São Paulo', 84),
('95505738D', 'Steven Alzate', 'Camden', 31),
('95547958R', 'Jorge Silva', 'Porto', 95),
('95594377Y', 'Danny Ings', 'Winchester', 24),
('95629733B', 'Patrick Drewes', 'Erfurt', 76),
('95796942X', 'Jason Denayer', 'Jette', 46),
('95874610F', 'Juanmi', 'Coín', 5),
('95889326A', 'Sergi Roberto', 'Reus', 1),
('96065980V', 'Sandro Ramírez', 'Las Palmas', 12),
('96067356J', 'Marc Schnatterer', 'Heilbronn', 68),
('96126655H', 'Erick Pulgar', 'Antofagasta', 108),
('96416348A', 'Simone Verdi', 'Broni', 112),
('96424360B', 'Jadon Sancho', 'Camberwell', 28),
('96437093W', 'Diogo Jota', 'Massarelos', 23),
('96478582E', 'Amadou Haidara', 'Mali', 64),
('96535822S', 'Mário Loja', 'Arouca', 87),
('96551479D', 'Manuel Perez', 'Valencia', 51),
('96580902S', 'Jordán', 'Jerez de la Frontera', 4),
('96801720X', 'Manuel Jiménez', 'Córdoba', 80),
('96867122T', 'Iván Jaime', 'Málaga', 88),
('96888086B', 'Benedict Howedes', 'Halver', 113),
('96931731W', 'Dimitri Foulquier', 'Rouen', 19),
('96955275V', 'Valentino Lazaro', 'Dornbirn', 74),
('97330926D', 'Marcel Sabitzer', 'Graz', 64),
('97409843J', 'Kevin Vázquez', 'Vigo', 13),
('97436662Z', 'Victorien Angban', 'Abidjan', 56),
('97579151H', 'Pablo Fornals', 'Castellón de la Plana', 17),
('97579849A', 'Tim Ream', 'St. Louis', 33),
('97770716Q', 'Eduardo Camavinga', 'Miconje', 50),
('97942441T', 'Reece Oxford', 'Kingston upon Thames', 71),
('98014722S', 'Raheem Sterling', 'Kingston', 21),
('98221708R', 'Predrag Rajković', 'Belgrade', 49),
('98231087L', 'Chris Wood', 'Auckland', 39),
('98324944J', 'Marcos Acuña', 'Zárate', 4),
('98634199X', 'Gregoire Defrel', 'Fréjus', 119),
('98821890K', 'Davide Calabria', 'Brescia', 102),
('98843743R', 'Cristiano Dell\'Orco', 'San Giovanni Rotondo', 114),
('98971506E', 'João Correia', 'Vizela', 97),
('99010954W', 'Martin Terrier', 'Armentières', 50),
('99090689L', 'Nuno Almeida', 'Famalicão', 97),
('99135671J', 'Luís Silva', 'Lisboa', 94),
('99206791V', 'Guendouzi', 'Poissy', 48),
('99304287Q', 'David de Gea', 'Madrid', 28),
('99358180C', 'Brennan Johnson', 'Nottingham', 36),
('99393364Z', 'Ante Budimir', 'Zenica', 14),
('99395396E', 'Gabriel Magalhães', 'São Paulo', 22),
('99475683Q', 'Arnaut Danjuma', 'Lagos', 32),
('99529902R', 'Maximilian Eggestein', 'Hanover', 69),
('99633763V', 'Rubén Sobrino', 'Donostia-San Sebastián', 17),
('99636177Q', 'Joe Bryan', 'Bristol', 33),
('99743425S', 'Carlos Muñoz', 'Córdoba', 80),
('99864540N', 'Pedro Nuno', 'Lisboa', 86),
('99916231E', 'Joaquín', 'El Puerto de Santa María', 5),
('99979150J', 'Ezri Konsa', 'London', 24);

-- --------------------------------------------------------

--
-- Estructura de tabla para la tabla `liga`
--

CREATE TABLE `liga` (
  `codigo` int NOT NULL,
  `comunidad_autonoma` varchar(255) DEFAULT NULL,
  `region` varchar(255) DEFAULT NULL
) ENGINE=InnoDB DEFAULT CHARSET=utf8mb4 COLLATE=utf8mb4_0900_ai_ci;

--
-- Volcado de datos para la tabla `liga`
--

INSERT INTO `liga` (`codigo`, `comunidad_autonoma`, `region`) VALUES
(1, 'Galicia 1', 'A Coruña'),
(2, 'Galicia 2', 'Pontevedra'),
(3, 'Galicia 3', 'Lugo'),
(4, 'Galicia 4', 'Ourense'),
(5, 'Asturias 1', 'Zona Este'),
(6, 'Asturias 2', 'Zona Oeste'),
(7, 'Madrid 1', 'Zona Norte'),
(8, 'Madrid 2', 'Zona Sur'),
(9, 'Cataluña 1', 'Barcelona'),
(10, 'Cataluña 2', 'Tarragona'),
(11, 'Cataluña 3', 'Gerona'),
(12, 'Cataluña 4', 'Lérida'),
(13, 'Andalucía 1', 'Jaén'),
(14, 'Andalucía 2', 'Sevilla'),
(15, 'Andalucía 3', 'Cádiz'),
(16, 'Andalucía 4', 'Huelva'),
(17, 'Andalucía 5', 'Córdoba'),
(18, 'Andalucía 6', 'Málaga'),
(19, 'Andalucía 7', 'Granada'),
(20, 'Andalucía 8', 'Almería');

-- --------------------------------------------------------

--
-- Estructura de tabla para la tabla `partido`
--

CREATE TABLE `partido` (
  `codigo` int NOT NULL,
  `resultado` varchar(255) NOT NULL,
  `local_codigo` int NOT NULL,
  `visitante_codigo` int NOT NULL
) ENGINE=InnoDB DEFAULT CHARSET=utf8mb4 COLLATE=utf8mb4_0900_ai_ci;

--
-- Volcado de datos para la tabla `partido`
--

INSERT INTO `partido` (`codigo`, `resultado`, `local_codigo`, `visitante_codigo`) VALUES
(1, '2-0', 1, 2),
(2, '0-1', 3, 4),
(3, '2-1', 5, 6),
(4, '3-0', 7, 8),
(5, '1-2', 9, 10),
(6, '3-2', 11, 12),
(7, '2-2', 13, 14),
(8, '2-0', 15, 16),
(9, '2-0', 17, 18),
(10, '3-1', 19, 20),
(11, '1-4', 21, 22),
(12, '0-3', 23, 24),
(13, '1-1', 25, 26),
(14, '2-2', 27, 28),
(15, '3-2', 29, 30),
(16, '4-2', 31, 32),
(17, '2-3', 33, 34),
(18, '2-2', 35, 36),
(19, '0-0', 37, 38),
(20, '1-0', 39, 40),
(21, '0-2', 41, 42),
(22, '0-2', 43, 44),
(23, '0-1', 45, 46),
(24, '1-1', 47, 48),
(25, '3-0', 49, 50),
(26, '0-2', 51, 52),
(27, '0-1', 53, 54),
(28, '0-2', 55, 56),
(29, '1-2', 57, 58),
(30, '4-0', 59, 60),
(31, '1-0', 61, 62),
(32, '0-5', 63, 64),
(33, '1-0', 65, 66),
(34, '2-0', 67, 68),
(35, '0-3', 69, 70),
(36, '2-2', 71, 72),
(37, '1-0', 73, 74),
(38, '0-0', 75, 76),
(39, '2-2', 77, 78),
(40, '1-1', 79, 80),
(41, '1-2', 81, 82),
(42, '1-3', 83, 84),
(43, '3-2', 85, 86),
(44, '2-3', 87, 88),
(45, '3-3', 89, 90),
(46, '3-1', 91, 92),
(47, '0-1', 93, 94),
(48, '1-0', 95, 96),
(49, '2-0', 97, 98),
(50, '0-0', 99, 1),
(51, '2-2', 101, 102),
(52, '2-1', 103, 104),
(53, '1-3', 105, 106),
(54, '2-1', 107, 108),
(55, '2-0', 109, 110),
(56, '4-0', 111, 112),
(57, '0-1', 113, 114),
(58, '1-1', 115, 116),
(59, '2-2', 117, 118),
(60, '4-0', 119, 120);

-- --------------------------------------------------------

--
-- Estructura de tabla para la tabla `usuario`
--

CREATE TABLE `usuario` (
  `dni` varchar(255) NOT NULL,
  `contrasena` varchar(255) NOT NULL,
  `email` varchar(255) NOT NULL,
  `nombre` varchar(255) NOT NULL,
  `rol` tinyint DEFAULT NULL
) ENGINE=InnoDB DEFAULT CHARSET=utf8mb4 COLLATE=utf8mb4_0900_ai_ci;

--
-- Volcado de datos para la tabla `usuario`
--

INSERT INTO `usuario` (`dni`, `contrasena`, `email`, `nombre`, `rol`) VALUES
('79346384H', '$2a$10$VzvsefTjVSHcxQEaW344m.LzhRTkOIWbX0ZLBJbu7CERGRIhYQqgi', 'oscar@gmail.com', 'Oscar', 0),
('79346385L', '$2a$10$r71VE..z5in1VBzJ/pd27uV9lmtAhBcrAWhsxFWcKJRsFZ7SudrHy', 'aaron@gmail.com', 'Aaron', 1);

--
-- Índices para tablas volcadas
--

--
-- Indices de la tabla `campo`
--
ALTER TABLE `campo`
  ADD PRIMARY KEY (`nombre`),
  ADD KEY `FKjogye30m0l315tbyli339hhhv` (`club_codigo`);

--
-- Indices de la tabla `club`
--
ALTER TABLE `club`
  ADD PRIMARY KEY (`codigo`),
  ADD KEY `FK92lyna1afrm9rjtg13yv1bgls` (`liga_codigo`);

--
-- Indices de la tabla `jugador`
--
ALTER TABLE `jugador`
  ADD PRIMARY KEY (`dni`),
  ADD KEY `FK8mxt370rle9vsettp70c4etlg` (`club_codigo`);

--
-- Indices de la tabla `liga`
--
ALTER TABLE `liga`
  ADD PRIMARY KEY (`codigo`);

--
-- Indices de la tabla `partido`
--
ALTER TABLE `partido`
  ADD PRIMARY KEY (`codigo`),
  ADD KEY `FKp2y0o9mu0gjsq8yxod4e47im0` (`local_codigo`),
  ADD KEY `FK4brh1lrhw0ob488yqe5l9u5gq` (`visitante_codigo`);

--
-- Indices de la tabla `usuario`
--
ALTER TABLE `usuario`
  ADD PRIMARY KEY (`dni`),
  ADD UNIQUE KEY `UK_cto7dkti4t38iq8r4cqesbd8k` (`nombre`);

--
-- Restricciones para tablas volcadas
--

--
-- Filtros para la tabla `campo`
--
ALTER TABLE `campo`
  ADD CONSTRAINT `FKjogye30m0l315tbyli339hhhv` FOREIGN KEY (`club_codigo`) REFERENCES `club` (`codigo`);

--
-- Filtros para la tabla `club`
--
ALTER TABLE `club`
  ADD CONSTRAINT `FK92lyna1afrm9rjtg13yv1bgls` FOREIGN KEY (`liga_codigo`) REFERENCES `liga` (`codigo`);

--
-- Filtros para la tabla `jugador`
--
ALTER TABLE `jugador`
  ADD CONSTRAINT `FK8mxt370rle9vsettp70c4etlg` FOREIGN KEY (`club_codigo`) REFERENCES `club` (`codigo`);

--
-- Filtros para la tabla `partido`
--
ALTER TABLE `partido`
  ADD CONSTRAINT `FK4brh1lrhw0ob488yqe5l9u5gq` FOREIGN KEY (`visitante_codigo`) REFERENCES `club` (`codigo`),
  ADD CONSTRAINT `FKp2y0o9mu0gjsq8yxod4e47im0` FOREIGN KEY (`local_codigo`) REFERENCES `club` (`codigo`);
COMMIT;

/*!40101 SET CHARACTER_SET_CLIENT=@OLD_CHARACTER_SET_CLIENT */;
/*!40101 SET CHARACTER_SET_RESULTS=@OLD_CHARACTER_SET_RESULTS */;
/*!40101 SET COLLATION_CONNECTION=@OLD_COLLATION_CONNECTION */;
